2026-08-19 11:55:29,115 INFO o.h.v.i.u.Version [background-preinit] HV000001: Hibernate Validator 8.0.3.Final
2026-08-19 11:55:29,353 INFO c.v.g.GramStoreApplication [main] Starting GramStoreApplication using Java 21.0.10 with PID 2764 (C:\Users\dsiro\IdeaProjects\GramStore\target\classes started by dsiro in C:\Users\dsiro\IdeaProjects\GramStore)
2026-08-19 11:55:29,355 INFO c.v.g.GramStoreApplication [main] The following 1 profile is active: "dev"
2026-08-19 11:55:32,438 INFO o.s.d.r.c.RepositoryConfigurationDelegate [main] Multiple Spring Data modules found, entering strict repository configuration mode
2026-08-19 11:55:32,446 INFO o.s.d.r.c.RepositoryConfigurationDelegate [main] Bootstrapping Spring Data MongoDB repositories in DEFAULT mode.
2026-08-19 11:55:32,529 INFO o.s.d.r.c.RepositoryConfigurationDelegate [main] Finished Spring Data repository scanning in 66 ms. Found 0 MongoDB repository interfaces.
2026-08-19 11:55:32,573 INFO o.s.d.r.c.RepositoryConfigurationDelegate [main] Multiple Spring Data modules found, entering strict repository configuration mode
2026-08-19 11:55:32,579 INFO o.s.d.r.c.RepositoryConfigurationDelegate [main] Bootstrapping Spring Data Redis repositories in DEFAULT mode.
2026-08-19 11:55:32,619 INFO o.s.d.r.c.RepositoryConfigurationDelegate [main] Finished Spring Data repository scanning in 16 ms. Found 0 Redis repository interfaces.
2026-08-19 11:55:35,099 INFO o.s.b.w.e.t.TomcatWebServer [main] Tomcat initialized with port 8080 (http)
2026-08-19 11:55:35,138 INFO o.a.c.h.Http11NioProtocol [main] Initializing ProtocolHandler ["http-nio-8080"]
2026-08-19 11:55:35,145 INFO o.a.c.c.StandardService [main] Starting service [Tomcat]
2026-08-19 11:55:35,145 INFO o.a.c.c.StandardEngine [main] Starting Servlet engine: [Apache Tomcat/10.1.52]
2026-08-19 11:55:35,366 INFO o.a.c.c.C.[.[.[/] [main] Initializing Spring embedded WebApplicationContext
2026-08-19 11:55:35,367 INFO o.s.b.w.s.c.ServletWebServerApplicationContext [main] Root WebApplicationContext: initialization completed in 5828 ms
2026-08-19 11:55:35,900 INFO o.m.d.cluster [cluster-ClusterId{value='6a854c5f348283d1a20c3e41', description='null'}-srv-vela.tkxsdpk.mongodb.net] Adding discovered server ac-pwzxuxu-shard-00-00.tkxsdpk.mongodb.net:27017 to client view of cluster
2026-08-19 11:55:35,989 INFO o.m.d.client [main] MongoClient with metadata {"driver": {"name": "mongo-java-driver|sync|spring-boot", "version": "5.5.2"}, "os": {"type": "Windows", "name": "Windows 11", "architecture": "amd64", "version": "10.0"}, "platform": "Java/Oracle Corporation/21.0.10+8-LTS-217"} created with settings MongoClientSettings{readPreference=primary, writeConcern=WriteConcern{w=majority, wTimeout=null ms, journal=null}, retryWrites=true, retryReads=true, readConcern=ReadConcern{level=null}, credential=MongoCredential{mechanism=null, userName='dhiren', source='admin', password=<hidden>, mechanismProperties=<hidden>}, transportSettings=null, commandListeners=[], codecRegistry=ProvidersCodecRegistry{codecProviders=[ValueCodecProvider{}, BsonValueCodecProvider{}, DBRefCodecProvider{}, DBObjectCodecProvider{}, DocumentCodecProvider{}, CollectionCodecProvider{}, IterableCodecProvider{}, MapCodecProvider{}, GeoJsonCodecProvider{}, GridFSFileCodecProvider{}, Jsr310CodecProvider{}, JsonObjectCodecProvider{}, BsonCodecProvider{}, EnumCodecProvider{}, com.mongodb.client.model.mql.ExpressionCodecProvider@6d969330, com.mongodb.Jep395RecordCodecProvider@4861cca9, com.mongodb.KotlinCodecProvider@6c8f4bc7]}, loggerSettings=LoggerSettings{maxDocumentLength=1000}, clusterSettings={hosts=[127.0.0.1:27017], srvHost=vela.tkxsdpk.mongodb.net, srvServiceName=mongodb, mode=MULTIPLE, requiredClusterType=REPLICA_SET, requiredReplicaSetName='atlas-13gwxg-shard-0', serverSelector='null', clusterListeners='[]', serverSelectionTimeout='30000 ms', localThreshold='15 ms'}, socketSettings=SocketSettings{connectTimeoutMS=10000, readTimeoutMS=0, receiveBufferSize=0, proxySettings=ProxySettings{host=null, port=null, username=null, password=null}}, heartbeatSocketSettings=SocketSettings{connectTimeoutMS=10000, readTimeoutMS=10000, receiveBufferSize=0, proxySettings=ProxySettings{host=null, port=null, username=null, password=null}}, connectionPoolSettings=ConnectionPoolSettings{maxSize=100, minSize=0, maxWaitTimeMS=120000, maxConnectionLifeTimeMS=0, maxConnectionIdleTimeMS=0, maintenanceInitialDelayMS=0, maintenanceFrequencyMS=60000, connectionPoolListeners=[], maxConnecting=2}, serverSettings=ServerSettings{heartbeatFrequencyMS=10000, minHeartbeatFrequencyMS=500, serverMonitoringMode=AUTO, serverListeners='[]', serverMonitorListeners='[]'}, sslSettings=SslSettings{enabled=true, invalidHostNameAllowed=false, context=null}, applicationName='null', compressorList=[], uuidRepresentation=JAVA_LEGACY, serverApi=null, autoEncryptionSettings=null, dnsClient=null, inetAddressResolver=null, contextProvider=null, timeoutMS=null}
2026-08-19 11:55:36,010 INFO o.m.d.cluster [cluster-ClusterId{value='6a854c5f348283d1a20c3e41', description='null'}-srv-vela.tkxsdpk.mongodb.net] Adding discovered server ac-pwzxuxu-shard-00-01.tkxsdpk.mongodb.net:27017 to client view of cluster
2026-08-19 11:55:36,017 INFO o.m.d.cluster [cluster-ClusterId{value='6a854c5f348283d1a20c3e41', description='null'}-srv-vela.tkxsdpk.mongodb.net] Adding discovered server ac-pwzxuxu-shard-00-02.tkxsdpk.mongodb.net:27017 to client view of cluster
2026-08-19 11:55:37,006 INFO o.m.d.cluster [main] Waiting for server to become available for operation with ID 5. Remaining time: 29981 ms. Selector: WritableServerSelector, topology description: {type=REPLICA_SET, servers=[{address=ac-pwzxuxu-shard-00-00.tkxsdpk.mongodb.net:27017, type=UNKNOWN, state=CONNECTING}, {address=ac-pwzxuxu-shard-00-01.tkxsdpk.mongodb.net:27017, type=UNKNOWN, state=CONNECTING}, {address=ac-pwzxuxu-shard-00-02.tkxsdpk.mongodb.net:27017, type=UNKNOWN, state=CONNECTING}].
2026-08-19 11:55:37,176 INFO o.m.d.cluster [cluster-ClusterId{value='6a854c5f348283d1a20c3e41', description='null'}-ac-pwzxuxu-shard-00-02.tkxsdpk.mongodb.net:27017] Monitor thread successfully connected to server with description ServerDescription{address=ac-pwzxuxu-shard-00-02.tkxsdpk.mongodb.net:27017, type=REPLICA_SET_SECONDARY, cryptd=false, state=CONNECTED, ok=true, minWireVersion=0, maxWireVersion=25, maxDocumentSize=16777216, logicalSessionTimeoutMinutes=30, roundTripTimeNanos=596918900, minRoundTripTimeNanos=0, setName='atlas-13gwxg-shard-0', canonicalAddress=ac-pwzxuxu-shard-00-02.tkxsdpk.mongodb.net:27017, hosts=[ac-pwzxuxu-shard-00-02.tkxsdpk.mongodb.net:27017, ac-pwzxuxu-shard-00-00.tkxsdpk.mongodb.net:27017, ac-pwzxuxu-shard-00-01.tkxsdpk.mongodb.net:27017], passives=[], arbiters=[], primary='ac-pwzxuxu-shard-00-01.tkxsdpk.mongodb.net:27017', tagSet=TagSet{[Tag{name='cacheState', value='READY'}, Tag{name='diskState', value='READY'}, Tag{name='nodeType', value='ELECTABLE'}, Tag{name='provider', value='AZURE'}, Tag{name='region', value='INDIA_CENTRAL'}, Tag{name='workloadType', value='OPERATIONAL'}]}, electionId=null, setVersion=415, topologyVersion=TopologyVersion{processId=6a7a34d9d31996b1e8776014, counter=5}, lastWriteDate=Wed Aug 19 11:55:36 IST 2026, lastUpdateTimeNanos=134709042458699}
2026-08-19 11:55:37,176 INFO o.m.d.cluster [cluster-ClusterId{value='6a854c5f348283d1a20c3e41', description='null'}-ac-pwzxuxu-shard-00-00.tkxsdpk.mongodb.net:27017] Monitor thread successfully connected to server with description ServerDescription{address=ac-pwzxuxu-shard-00-00.tkxsdpk.mongodb.net:27017, type=REPLICA_SET_SECONDARY, cryptd=false, state=CONNECTED, ok=true, minWireVersion=0, maxWireVersion=25, maxDocumentSize=16777216, logicalSessionTimeoutMinutes=30, roundTripTimeNanos=596921499, minRoundTripTimeNanos=0, setName='atlas-13gwxg-shard-0', canonicalAddress=ac-pwzxuxu-shard-00-00.tkxsdpk.mongodb.net:27017, hosts=[ac-pwzxuxu-shard-00-02.tkxsdpk.mongodb.net:27017, ac-pwzxuxu-shard-00-00.tkxsdpk.mongodb.net:27017, ac-pwzxuxu-shard-00-01.tkxsdpk.mongodb.net:27017], passives=[], arbiters=[], primary='ac-pwzxuxu-shard-00-01.tkxsdpk.mongodb.net:27017', tagSet=TagSet{[Tag{name='cacheState', value='READY'}, Tag{name='diskState', value='READY'}, Tag{name='nodeType', value='ELECTABLE'}, Tag{name='provider', value='AZURE'}, Tag{name='region', value='INDIA_CENTRAL'}, Tag{name='workloadType', value='OPERATIONAL'}]}, electionId=null, setVersion=415, topologyVersion=TopologyVersion{processId=6a7a303208088ee8ec208729, counter=10}, lastWriteDate=Wed Aug 19 11:55:36 IST 2026, lastUpdateTimeNanos=134709042458699}
2026-08-19 11:55:37,178 INFO o.m.d.cluster [cluster-ClusterId{value='6a854c5f348283d1a20c3e41', description='null'}-ac-pwzxuxu-shard-00-01.tkxsdpk.mongodb.net:27017] Monitor thread successfully connected to server with description ServerDescription{address=ac-pwzxuxu-shard-00-01.tkxsdpk.mongodb.net:27017, type=REPLICA_SET_PRIMARY, cryptd=false, state=CONNECTED, ok=true, minWireVersion=0, maxWireVersion=25, maxDocumentSize=16777216, logicalSessionTimeoutMinutes=30, roundTripTimeNanos=596961301, minRoundTripTimeNanos=0, setName='atlas-13gwxg-shard-0', canonicalAddress=ac-pwzxuxu-shard-00-01.tkxsdpk.mongodb.net:27017, hosts=[ac-pwzxuxu-shard-00-02.tkxsdpk.mongodb.net:27017, ac-pwzxuxu-shard-00-00.tkxsdpk.mongodb.net:27017, ac-pwzxuxu-shard-00-01.tkxsdpk.mongodb.net:27017], passives=[], arbiters=[], primary='ac-pwzxuxu-shard-00-01.tkxsdpk.mongodb.net:27017', tagSet=TagSet{[Tag{name='cacheState', value='READY'}, Tag{name='diskState', value='READY'}, Tag{name='nodeType', value='ELECTABLE'}, Tag{name='provider', value='AZURE'}, Tag{name='region', value='INDIA_CENTRAL'}, Tag{name='workloadType', value='OPERATIONAL'}]}, electionId=7fffffff00000000000001cb, setVersion=415, topologyVersion=TopologyVersion{processId=6a7a3259a49ce98341b01ffe, counter=10}, lastWriteDate=Wed Aug 19 11:55:36 GMT+05:30 2026, lastUpdateTimeNanos=134709042512699}
2026-08-19 11:55:37,186 INFO o.m.d.cluster [cluster-ClusterId{value='6a854c5f348283d1a20c3e41', description='null'}-ac-pwzxuxu-shard-00-01.tkxsdpk.mongodb.net:27017] Discovered replica set primary ac-pwzxuxu-shard-00-01.tkxsdpk.mongodb.net:27017 with max election id 7fffffff00000000000001cb and max set version 415
2026-08-19 11:55:40,638 INFO o.s.s.c.a.a.c.InitializeUserDetailsBeanManagerConfigurer$InitializeUserDetailsManagerConfigurer [main] Global AuthenticationManager configured with UserDetailsService bean with name userDetailsServiceImpl
2026-08-19 11:55:42,258 INFO o.a.c.h.Http11NioProtocol [main] Starting ProtocolHandler ["http-nio-8080"]
2026-08-19 11:55:42,290 INFO o.s.b.w.e.t.TomcatWebServer [main] Tomcat started on port 8080 (http) with context path '/'
2026-08-19 11:55:42,324 INFO c.v.g.GramStoreApplication [main] Started GramStoreApplication in 14.724 seconds (process running for 16.487)
2026-08-19 11:57:26,366 INFO o.a.c.c.C.[.[.[/] [http-nio-8080-exec-1] Initializing Spring DispatcherServlet 'dispatcherServlet'
2026-08-19 11:57:26,366 INFO o.s.w.s.DispatcherServlet [http-nio-8080-exec-1] Initializing Servlet 'dispatcherServlet'
2026-08-19 11:57:26,370 INFO o.s.w.s.DispatcherServlet [http-nio-8080-exec-1] Completed initialization in 4 ms
2026-08-19 11:57:47,845 INFO c.v.g.w.SessionWebSocketHandler [http-nio-8080-exec-4] WebSocket Connected: 7ce73de9-b893-702a-e106-5745a1c4ff21
2026-08-19 11:57:55,493 INFO c.v.g.w.SessionWebSocketHandler [http-nio-8080-exec-5] WebSocket disconnected: 7ce73de9-b893-702a-e106-5745a1c4ff21 with status: null
2026-08-19 11:57:59,218 INFO c.v.g.w.SessionWebSocketHandler [http-nio-8080-exec-6] WebSocket Connected: 37961a44-5c60-c195-3d3f-bf40154bbabc
2026-08-19 11:58:01,024 INFO c.v.g.w.SessionWebSocketHandler [http-nio-8080-exec-8] WebSocket disconnected: 37961a44-5c60-c195-3d3f-bf40154bbabc with status: null
2026-08-19 11:58:01,279 INFO c.v.g.w.SessionWebSocketHandler [http-nio-8080-exec-7] WebSocket Connected: 8e87860f-d78a-c973-4236-6af88429789b
2026-08-19 11:58:02,851 INFO c.v.g.w.SessionWebSocketHandler [http-nio-8080-exec-2] WebSocket disconnected: 8e87860f-d78a-c973-4236-6af88429789b with status: null
2026-08-19 11:58:13,507 INFO c.v.g.w.SessionWebSocketHandler [http-nio-8080-exec-6] WebSocket Connected: e55dafc3-5ad3-dc1e-a0f5-74a8a7a6d4ab
2026-08-19 11:58:39,135 INFO c.v.g.w.SessionWebSocketHandler [http-nio-8080-exec-7] WebSocket disconnected: e55dafc3-5ad3-dc1e-a0f5-74a8a7a6d4ab with status: null
2026-08-19 11:58:39,298 INFO c.v.g.w.SessionWebSocketHandler [http-nio-8080-exec-10] WebSocket Connected: c86a6888-e0ea-f978-35dc-20a440a867fa
2026-08-19 11:59:04,348 INFO c.v.g.w.SessionWebSocketHandler [http-nio-8080-exec-1] WebSocket disconnected: c86a6888-e0ea-f978-35dc-20a440a867fa with status: null
2026-08-19 11:59:04,521 INFO c.v.g.w.SessionWebSocketHandler [http-nio-8080-exec-2] WebSocket Connected: 0ad3d74d-832e-2b85-d6d8-c01591d043b2
2026-08-19 11:59:20,171 INFO c.v.g.w.SessionWebSocketHandler [http-nio-8080-exec-9] WebSocket disconnected: 0ad3d74d-832e-2b85-d6d8-c01591d043b2 with status: null
2026-08-19 11:59:27,305 INFO c.v.g.w.SessionWebSocketHandler [http-nio-8080-exec-1] WebSocket Connected: 31518fa2-0b44-e7ba-4e0d-f9fb127f34dd
2026-08-19 11:59:32,259 INFO c.v.g.w.SessionWebSocketHandler [http-nio-8080-exec-2] WebSocket disconnected: 31518fa2-0b44-e7ba-4e0d-f9fb127f34dd with status: null
2026-08-19 11:59:32,516 INFO c.v.g.w.SessionWebSocketHandler [http-nio-8080-exec-4] WebSocket Connected: 113a8400-c86b-061f-a61d-27795da80ef5
2026-08-19 11:59:35,025 INFO c.v.g.w.SessionWebSocketHandler [http-nio-8080-exec-6] WebSocket disconnected: 113a8400-c86b-061f-a61d-27795da80ef5 with status: null
2026-08-19 11:59:35,260 INFO c.v.g.w.SessionWebSocketHandler [http-nio-8080-exec-8] WebSocket Connected: b6a770fb-a19b-da91-a6af-690a6db92214
2026-08-19 11:59:36,753 INFO c.v.g.w.SessionWebSocketHandler [http-nio-8080-exec-2] WebSocket disconnected: b6a770fb-a19b-da91-a6af-690a6db92214 with status: null
2026-08-19 11:59:46,558 INFO c.v.g.w.SessionWebSocketHandler [http-nio-8080-exec-6] WebSocket Connected: 87ee61bf-6cb7-45e4-9cde-213e07fa0ca9
2026-08-19 12:00:12,134 INFO c.v.g.w.SessionWebSocketHandler [http-nio-8080-exec-8] WebSocket disconnected: 87ee61bf-6cb7-45e4-9cde-213e07fa0ca9 with status: null
2026-08-19 12:00:12,304 INFO c.v.g.w.SessionWebSocketHandler [http-nio-8080-exec-9] WebSocket Connected: a7c0d633-7f7a-8a37-5ba7-31de77220594
2026-08-19 12:00:23,438 INFO c.v.g.w.SessionWebSocketHandler [http-nio-8080-exec-5] WebSocket disconnected: a7c0d633-7f7a-8a37-5ba7-31de77220594 with status: null
2026-08-19 12:00:29,590 INFO c.v.g.w.SessionWebSocketHandler [http-nio-8080-exec-7] WebSocket Connected: 9ea31111-86e6-49d2-8690-e6547f18a508
2026-08-19 12:00:54,662 INFO c.v.g.w.SessionWebSocketHandler [http-nio-8080-exec-10] WebSocket disconnected: 9ea31111-86e6-49d2-8690-e6547f18a508 with status: null
2026-08-19 12:00:54,820 INFO c.v.g.w.SessionWebSocketHandler [http-nio-8080-exec-3] WebSocket Connected: 389c6a58-964b-e8e9-0e13-b0fc8c072a32
2026-08-19 12:01:19,880 INFO c.v.g.w.SessionWebSocketHandler [http-nio-8080-exec-4] WebSocket disconnected: 389c6a58-964b-e8e9-0e13-b0fc8c072a32 with status: null
2026-08-19 12:01:20,047 INFO c.v.g.w.SessionWebSocketHandler [http-nio-8080-exec-6] WebSocket Connected: ad34b527-823d-b22f-f886-b56e2b48b298
2026-08-19 12:01:44,227 INFO c.v.g.w.SessionWebSocketHandler [http-nio-8080-exec-1] WebSocket disconnected: ad34b527-823d-b22f-f886-b56e2b48b298 with status: null
2026-08-19 12:01:45,711 INFO c.v.g.w.SessionWebSocketHandler [http-nio-8080-exec-3] WebSocket Connected: 01417e69-6d0a-cb1d-6398-572bbaca2d87
2026-08-19 12:01:50,983 INFO c.v.g.w.SessionWebSocketHandler [http-nio-8080-exec-9] WebSocket disconnected: 01417e69-6d0a-cb1d-6398-572bbaca2d87 with status: null
2026-08-19 12:03:55,533 INFO c.v.g.w.SessionWebSocketHandler [http-nio-8080-exec-5] WebSocket Connected: ad0537b2-a086-73be-c988-e5cd62f9dd0a
2026-08-19 12:04:21,133 INFO c.v.g.w.SessionWebSocketHandler [http-nio-8080-exec-9] WebSocket disconnected: ad0537b2-a086-73be-c988-e5cd62f9dd0a with status: null
2026-08-19 12:04:21,326 INFO c.v.g.w.SessionWebSocketHandler [http-nio-8080-exec-3] WebSocket Connected: 7fa499d3-9d41-d1c1-84c0-8e9244459da1
2026-08-19 12:04:33,216 INFO c.v.g.w.SessionWebSocketHandler [http-nio-8080-exec-7] WebSocket disconnected: 7fa499d3-9d41-d1c1-84c0-8e9244459da1 with status: null
2026-08-19 12:04:55,910 INFO o.s.b.w.e.t.GracefulShutdown [SpringApplicationShutdownHook] Commencing graceful shutdown. Waiting for active requests to complete
2026-08-19 12:04:55,935 INFO o.s.b.w.e.t.GracefulShutdown [tomcat-shutdown] Graceful shutdown complete
2026-08-19 12:11:57,972 INFO o.h.v.i.u.Version [background-preinit] HV000001: Hibernate Validator 8.0.3.Final
2026-08-19 12:11:58,048 INFO c.v.g.GramStoreApplication [main] Starting GramStoreApplication using Java 21.0.10 with PID 7128 (C:\Users\dsiro\IdeaProjects\GramStore\target\classes started by dsiro in C:\Users\dsiro\IdeaProjects\GramStore)
2026-08-19 12:11:58,050 INFO c.v.g.GramStoreApplication [main] The following 1 profile is active: "dev"
2026-08-19 12:11:59,482 INFO o.s.d.r.c.RepositoryConfigurationDelegate [main] Multiple Spring Data modules found, entering strict repository configuration mode
2026-08-19 12:11:59,486 INFO o.s.d.r.c.RepositoryConfigurationDelegate [main] Bootstrapping Spring Data MongoDB repositories in DEFAULT mode.
2026-08-19 12:11:59,557 INFO o.s.d.r.c.RepositoryConfigurationDelegate [main] Finished Spring Data repository scanning in 55 ms. Found 0 MongoDB repository interfaces.
2026-08-19 12:11:59,589 INFO o.s.d.r.c.RepositoryConfigurationDelegate [main] Multiple Spring Data modules found, entering strict repository configuration mode
2026-08-19 12:11:59,591 INFO o.s.d.r.c.RepositoryConfigurationDelegate [main] Bootstrapping Spring Data Redis repositories in DEFAULT mode.
2026-08-19 12:11:59,636 INFO o.s.d.r.c.RepositoryConfigurationDelegate [main] Finished Spring Data repository scanning in 25 ms. Found 0 Redis repository interfaces.
2026-08-19 12:12:01,481 INFO o.s.b.w.e.t.TomcatWebServer [main] Tomcat initialized with port 8080 (http)
2026-08-19 12:12:01,512 INFO o.a.c.h.Http11NioProtocol [main] Initializing ProtocolHandler ["http-nio-8080"]
2026-08-19 12:12:01,519 INFO o.a.c.c.StandardService [main] Starting service [Tomcat]
2026-08-19 12:12:01,520 INFO o.a.c.c.StandardEngine [main] Starting Servlet engine: [Apache Tomcat/10.1.52]
2026-08-19 12:12:01,682 INFO o.a.c.c.C.[.[.[/] [main] Initializing Spring embedded WebApplicationContext
2026-08-19 12:12:01,684 INFO o.s.b.w.s.c.ServletWebServerApplicationContext [main] Root WebApplicationContext: initialization completed in 3553 ms
2026-08-19 12:12:02,158 INFO o.m.d.cluster [cluster-ClusterId{value='6a85503a7df334bf9ab4f2ce', description='null'}-srv-vela.tkxsdpk.mongodb.net] Adding discovered server ac-pwzxuxu-shard-00-00.tkxsdpk.mongodb.net:27017 to client view of cluster
2026-08-19 12:12:02,234 INFO o.m.d.client [main] MongoClient with metadata {"driver": {"name": "mongo-java-driver|sync|spring-boot", "version": "5.5.2"}, "os": {"type": "Windows", "name": "Windows 11", "architecture": "amd64", "version": "10.0"}, "platform": "Java/Oracle Corporation/21.0.10+8-LTS-217"} created with settings MongoClientSettings{readPreference=primary, writeConcern=WriteConcern{w=majority, wTimeout=null ms, journal=null}, retryWrites=true, retryReads=true, readConcern=ReadConcern{level=null}, credential=MongoCredential{mechanism=null, userName='dhiren', source='admin', password=<hidden>, mechanismProperties=<hidden>}, transportSettings=null, commandListeners=[], codecRegistry=ProvidersCodecRegistry{codecProviders=[ValueCodecProvider{}, BsonValueCodecProvider{}, DBRefCodecProvider{}, DBObjectCodecProvider{}, DocumentCodecProvider{}, CollectionCodecProvider{}, IterableCodecProvider{}, MapCodecProvider{}, GeoJsonCodecProvider{}, GridFSFileCodecProvider{}, Jsr310CodecProvider{}, JsonObjectCodecProvider{}, BsonCodecProvider{}, EnumCodecProvider{}, com.mongodb.client.model.mql.ExpressionCodecProvider@7f42b194, com.mongodb.Jep395RecordCodecProvider@8eb6f9a, com.mongodb.KotlinCodecProvider@29170a47]}, loggerSettings=LoggerSettings{maxDocumentLength=1000}, clusterSettings={hosts=[127.0.0.1:27017], srvHost=vela.tkxsdpk.mongodb.net, srvServiceName=mongodb, mode=MULTIPLE, requiredClusterType=REPLICA_SET, requiredReplicaSetName='atlas-13gwxg-shard-0', serverSelector='null', clusterListeners='[]', serverSelectionTimeout='30000 ms', localThreshold='15 ms'}, socketSettings=SocketSettings{connectTimeoutMS=10000, readTimeoutMS=0, receiveBufferSize=0, proxySettings=ProxySettings{host=null, port=null, username=null, password=null}}, heartbeatSocketSettings=SocketSettings{connectTimeoutMS=10000, readTimeoutMS=10000, receiveBufferSize=0, proxySettings=ProxySettings{host=null, port=null, username=null, password=null}}, connectionPoolSettings=ConnectionPoolSettings{maxSize=100, minSize=0, maxWaitTimeMS=120000, maxConnectionLifeTimeMS=0, maxConnectionIdleTimeMS=0, maintenanceInitialDelayMS=0, maintenanceFrequencyMS=60000, connectionPoolListeners=[], maxConnecting=2}, serverSettings=ServerSettings{heartbeatFrequencyMS=10000, minHeartbeatFrequencyMS=500, serverMonitoringMode=AUTO, serverListeners='[]', serverMonitorListeners='[]'}, sslSettings=SslSettings{enabled=true, invalidHostNameAllowed=false, context=null}, applicationName='null', compressorList=[], uuidRepresentation=JAVA_LEGACY, serverApi=null, autoEncryptionSettings=null, dnsClient=null, inetAddressResolver=null, contextProvider=null, timeoutMS=null}
2026-08-19 12:12:02,248 INFO o.m.d.cluster [cluster-ClusterId{value='6a85503a7df334bf9ab4f2ce', description='null'}-srv-vela.tkxsdpk.mongodb.net] Adding discovered server ac-pwzxuxu-shard-00-01.tkxsdpk.mongodb.net:27017 to client view of cluster
2026-08-19 12:12:02,255 INFO o.m.d.cluster [cluster-ClusterId{value='6a85503a7df334bf9ab4f2ce', description='null'}-srv-vela.tkxsdpk.mongodb.net] Adding discovered server ac-pwzxuxu-shard-00-02.tkxsdpk.mongodb.net:27017 to client view of cluster
2026-08-19 12:12:03,075 INFO o.m.d.cluster [main] Waiting for server to become available for operation with ID 5. Remaining time: 29980 ms. Selector: WritableServerSelector, topology description: {type=REPLICA_SET, servers=[{address=ac-pwzxuxu-shard-00-00.tkxsdpk.mongodb.net:27017, type=UNKNOWN, state=CONNECTING}, {address=ac-pwzxuxu-shard-00-01.tkxsdpk.mongodb.net:27017, type=UNKNOWN, state=CONNECTING}, {address=ac-pwzxuxu-shard-00-02.tkxsdpk.mongodb.net:27017, type=UNKNOWN, state=CONNECTING}].
2026-08-19 12:12:03,182 INFO o.m.d.cluster [cluster-ClusterId{value='6a85503a7df334bf9ab4f2ce', description='null'}-ac-pwzxuxu-shard-00-01.tkxsdpk.mongodb.net:27017] Monitor thread successfully connected to server with description ServerDescription{address=ac-pwzxuxu-shard-00-01.tkxsdpk.mongodb.net:27017, type=REPLICA_SET_PRIMARY, cryptd=false, state=CONNECTED, ok=true, minWireVersion=0, maxWireVersion=25, maxDocumentSize=16777216, logicalSessionTimeoutMinutes=30, roundTripTimeNanos=519977300, minRoundTripTimeNanos=0, setName='atlas-13gwxg-shard-0', canonicalAddress=ac-pwzxuxu-shard-00-01.tkxsdpk.mongodb.net:27017, hosts=[ac-pwzxuxu-shard-00-02.tkxsdpk.mongodb.net:27017, ac-pwzxuxu-shard-00-00.tkxsdpk.mongodb.net:27017, ac-pwzxuxu-shard-00-01.tkxsdpk.mongodb.net:27017], passives=[], arbiters=[], primary='ac-pwzxuxu-shard-00-01.tkxsdpk.mongodb.net:27017', tagSet=TagSet{[Tag{name='cacheState', value='READY'}, Tag{name='diskState', value='READY'}, Tag{name='nodeType', value='ELECTABLE'}, Tag{name='provider', value='AZURE'}, Tag{name='region', value='INDIA_CENTRAL'}, Tag{name='workloadType', value='OPERATIONAL'}]}, electionId=7fffffff00000000000001cb, setVersion=415, topologyVersion=TopologyVersion{processId=6a7a3259a49ce98341b01ffe, counter=10}, lastWriteDate=Wed Aug 19 12:12:02 IST 2026, lastUpdateTimeNanos=135695061353200}
2026-08-19 12:12:03,182 INFO o.m.d.cluster [cluster-ClusterId{value='6a85503a7df334bf9ab4f2ce', description='null'}-ac-pwzxuxu-shard-00-02.tkxsdpk.mongodb.net:27017] Monitor thread successfully connected to server with description ServerDescription{address=ac-pwzxuxu-shard-00-02.tkxsdpk.mongodb.net:27017, type=REPLICA_SET_SECONDARY, cryptd=false, state=CONNECTED, ok=true, minWireVersion=0, maxWireVersion=25, maxDocumentSize=16777216, logicalSessionTimeoutMinutes=30, roundTripTimeNanos=516494600, minRoundTripTimeNanos=0, setName='atlas-13gwxg-shard-0', canonicalAddress=ac-pwzxuxu-shard-00-02.tkxsdpk.mongodb.net:27017, hosts=[ac-pwzxuxu-shard-00-02.tkxsdpk.mongodb.net:27017, ac-pwzxuxu-shard-00-00.tkxsdpk.mongodb.net:27017, ac-pwzxuxu-shard-00-01.tkxsdpk.mongodb.net:27017], passives=[], arbiters=[], primary='ac-pwzxuxu-shard-00-01.tkxsdpk.mongodb.net:27017', tagSet=TagSet{[Tag{name='cacheState', value='READY'}, Tag{name='diskState', value='READY'}, Tag{name='nodeType', value='ELECTABLE'}, Tag{name='provider', value='AZURE'}, Tag{name='region', value='INDIA_CENTRAL'}, Tag{name='workloadType', value='OPERATIONAL'}]}, electionId=null, setVersion=415, topologyVersion=TopologyVersion{processId=6a7a34d9d31996b1e8776014, counter=5}, lastWriteDate=Wed Aug 19 12:12:02 IST 2026, lastUpdateTimeNanos=135695061351400}
2026-08-19 12:12:03,182 INFO o.m.d.cluster [cluster-ClusterId{value='6a85503a7df334bf9ab4f2ce', description='null'}-ac-pwzxuxu-shard-00-00.tkxsdpk.mongodb.net:27017] Monitor thread successfully connected to server with description ServerDescription{address=ac-pwzxuxu-shard-00-00.tkxsdpk.mongodb.net:27017, type=REPLICA_SET_SECONDARY, cryptd=false, state=CONNECTED, ok=true, minWireVersion=0, maxWireVersion=25, maxDocumentSize=16777216, logicalSessionTimeoutMinutes=30, roundTripTimeNanos=516495100, minRoundTripTimeNanos=0, setName='atlas-13gwxg-shard-0', canonicalAddress=ac-pwzxuxu-shard-00-00.tkxsdpk.mongodb.net:27017, hosts=[ac-pwzxuxu-shard-00-02.tkxsdpk.mongodb.net:27017, ac-pwzxuxu-shard-00-00.tkxsdpk.mongodb.net:27017, ac-pwzxuxu-shard-00-01.tkxsdpk.mongodb.net:27017], passives=[], arbiters=[], primary='ac-pwzxuxu-shard-00-01.tkxsdpk.mongodb.net:27017', tagSet=TagSet{[Tag{name='cacheState', value='READY'}, Tag{name='diskState', value='READY'}, Tag{name='nodeType', value='ELECTABLE'}, Tag{name='provider', value='AZURE'}, Tag{name='region', value='INDIA_CENTRAL'}, Tag{name='workloadType', value='OPERATIONAL'}]}, electionId=null, setVersion=415, topologyVersion=TopologyVersion{processId=6a7a303208088ee8ec208729, counter=10}, lastWriteDate=Wed Aug 19 12:12:02 IST 2026, lastUpdateTimeNanos=135695061351400}
2026-08-19 12:12:03,190 INFO o.m.d.cluster [cluster-ClusterId{value='6a85503a7df334bf9ab4f2ce', description='null'}-ac-pwzxuxu-shard-00-01.tkxsdpk.mongodb.net:27017] Discovered replica set primary ac-pwzxuxu-shard-00-01.tkxsdpk.mongodb.net:27017 with max election id 7fffffff00000000000001cb and max set version 415
2026-08-19 12:12:04,893 INFO o.s.s.c.a.a.c.InitializeUserDetailsBeanManagerConfigurer$InitializeUserDetailsManagerConfigurer [main] Global AuthenticationManager configured with UserDetailsService bean with name userDetailsServiceImpl
2026-08-19 12:12:05,484 INFO o.a.c.h.Http11NioProtocol [main] Starting ProtocolHandler ["http-nio-8080"]
2026-08-19 12:12:05,498 INFO o.s.b.w.e.t.TomcatWebServer [main] Tomcat started on port 8080 (http) with context path '/'
2026-08-19 12:12:05,513 INFO c.v.g.GramStoreApplication [main] Started GramStoreApplication in 8.128 seconds (process running for 9.159)
2026-08-19 12:12:47,312 INFO o.a.c.c.C.[.[.[/] [http-nio-8080-exec-1] Initializing Spring DispatcherServlet 'dispatcherServlet'
2026-08-19 12:12:47,312 INFO o.s.w.s.DispatcherServlet [http-nio-8080-exec-1] Initializing Servlet 'dispatcherServlet'
2026-08-19 12:12:47,312 INFO o.s.w.s.DispatcherServlet [http-nio-8080-exec-1] Completed initialization in 0 ms
2026-08-19 12:13:13,257 INFO c.v.g.w.SessionWebSocketHandler [http-nio-8080-exec-9] WebSocket Connected: 1e148985-d72b-f37d-620e-ec65da358469
2026-08-19 12:13:15,662 INFO c.v.g.w.SessionWebSocketHandler [http-nio-8080-exec-8] WebSocket disconnected: 1e148985-d72b-f37d-620e-ec65da358469 with status: null
2026-08-19 12:13:15,922 INFO c.v.g.w.SessionWebSocketHandler [http-nio-8080-exec-7] WebSocket Connected: 9fed11b0-57ff-e371-ee26-76ea669188a3
2026-08-19 12:13:18,722 INFO c.v.g.w.SessionWebSocketHandler [http-nio-8080-exec-10] WebSocket disconnected: 9fed11b0-57ff-e371-ee26-76ea669188a3 with status: null
2026-08-19 12:13:18,959 INFO c.v.g.w.SessionWebSocketHandler [http-nio-8080-exec-1] WebSocket Connected: fdab1465-c6cb-1de5-5cdc-4346ce939265
2026-08-19 12:13:20,206 INFO c.v.g.w.SessionWebSocketHandler [http-nio-8080-exec-4] WebSocket disconnected: fdab1465-c6cb-1de5-5cdc-4346ce939265 with status: null
2026-08-19 12:13:28,334 INFO c.v.g.w.SessionWebSocketHandler [http-nio-8080-exec-7] WebSocket Connected: bf7161fc-6795-02d1-6616-3679101aacf9
2026-08-19 12:13:54,132 INFO c.v.g.w.SessionWebSocketHandler [http-nio-8080-exec-10] WebSocket disconnected: bf7161fc-6795-02d1-6616-3679101aacf9 with status: null
2026-08-19 12:13:54,299 INFO c.v.g.w.SessionWebSocketHandler [http-nio-8080-exec-2] WebSocket Connected: 0b0d4a4c-386d-97fb-0164-2980768a7666
2026-08-19 12:13:58,428 ERROR o.a.c.c.C.[.[.[.[dispatcherServlet] [http-nio-8080-exec-6] Servlet.service() for servlet [dispatcherServlet] in context with path [] threw exception [Request processing failed: org.springframework.expression.spel.SpelEvaluationException: EL1007E: Property or field 'username' cannot be found on null] with root cause
org.springframework.expression.spel.SpelEvaluationException: EL1007E: Property or field 'username' cannot be found on null
	at org.springframework.expression.spel.ast.PropertyOrFieldReference.readProperty(PropertyOrFieldReference.java:225)
	at org.springframework.expression.spel.ast.PropertyOrFieldReference.getValueInternal(PropertyOrFieldReference.java:112)
	at org.springframework.expression.spel.ast.PropertyOrFieldReference$AccessorValueRef.getValue(PropertyOrFieldReference.java:376)
	at org.springframework.expression.spel.ast.CompoundExpression.getValueInternal(CompoundExpression.java:97)
	at org.springframework.expression.spel.ast.SpelNodeImpl.getValue(SpelNodeImpl.java:116)
	at org.springframework.expression.spel.standard.SpelExpression.getValue(SpelExpression.java:273)
	at org.springframework.cache.interceptor.CacheOperationExpressionEvaluator.key(CacheOperationExpressionEvaluator.java:106)
	at org.springframework.cache.interceptor.CacheAspectSupport$CacheOperationContext.generateKey(CacheAspectSupport.java:969)
	at org.springframework.cache.interceptor.CacheAspectSupport.generateKey(CacheAspectSupport.java:759)
	at org.springframework.cache.interceptor.CacheAspectSupport.performCacheEvicts(CacheAspectSupport.java:715)
	at org.springframework.cache.interceptor.CacheAspectSupport.processCacheEvicts(CacheAspectSupport.java:699)
	at org.springframework.cache.interceptor.CacheAspectSupport.evaluate(CacheAspectSupport.java:623)
	at org.springframework.cache.interceptor.CacheAspectSupport.execute(CacheAspectSupport.java:448)
	at org.springframework.cache.interceptor.CacheAspectSupport.execute(CacheAspectSupport.java:410)
	at org.springframework.cache.interceptor.CacheInterceptor.invoke(CacheInterceptor.java:65)
	at org.springframework.aop.framework.ReflectiveMethodInvocation.proceed(ReflectiveMethodInvocation.java:184)
	at org.springframework.aop.framework.CglibAopProxy$DynamicAdvisedInterceptor.intercept(CglibAopProxy.java:728)
	at com.vela.gramstore.service.UserService$$SpringCGLIB$$0.markVerified(<generated>)
	at com.vela.gramstore.service.AuthService.verify(AuthService.java:168)
	at java.base/jdk.internal.reflect.DirectMethodHandleAccessor.invoke(DirectMethodHandleAccessor.java:103)
	at java.base/java.lang.reflect.Method.invoke(Method.java:580)
	at org.springframework.aop.support.AopUtils.invokeJoinpointUsingReflection(AopUtils.java:360)
	at org.springframework.aop.framework.CglibAopProxy$DynamicAdvisedInterceptor.intercept(CglibAopProxy.java:724)
	at com.vela.gramstore.service.AuthService$$SpringCGLIB$$0.verify(<generated>)
	at com.vela.gramstore.controller.AuthController.verify(AuthController.java:55)
	at java.base/jdk.internal.reflect.DirectMethodHandleAccessor.invoke(DirectMethodHandleAccessor.java:103)
	at java.base/java.lang.reflect.Method.invoke(Method.java:580)
	at org.springframework.web.method.support.InvocableHandlerMethod.doInvoke(InvocableHandlerMethod.java:258)
	at org.springframework.web.method.support.InvocableHandlerMethod.invokeForRequest(InvocableHandlerMethod.java:191)
	at org.springframework.web.servlet.mvc.method.annotation.ServletInvocableHandlerMethod.invokeAndHandle(ServletInvocableHandlerMethod.java:118)
	at org.springframework.web.servlet.mvc.method.annotation.RequestMappingHandlerAdapter.invokeHandlerMethod(RequestMappingHandlerAdapter.java:991)
	at org.springframework.web.servlet.mvc.method.annotation.RequestMappingHandlerAdapter.handleInternal(RequestMappingHandlerAdapter.java:896)
	at org.springframework.web.servlet.mvc.method.AbstractHandlerMethodAdapter.handle(AbstractHandlerMethodAdapter.java:87)
	at org.springframework.web.servlet.DispatcherServlet.doDispatch(DispatcherServlet.java:1089)
	at org.springframework.web.servlet.DispatcherServlet.doService(DispatcherServlet.java:979)
	at org.springframework.web.servlet.FrameworkServlet.processRequest(FrameworkServlet.java:1014)
	at org.springframework.web.servlet.FrameworkServlet.doPost(FrameworkServlet.java:914)
	at jakarta.servlet.http.HttpServlet.service(HttpServlet.java:590)
	at org.springframework.web.servlet.FrameworkServlet.service(FrameworkServlet.java:885)
	at jakarta.servlet.http.HttpServlet.service(HttpServlet.java:658)
	at org.apache.catalina.core.ApplicationFilterChain.internalDoFilter(ApplicationFilterChain.java:193)
	at org.apache.catalina.core.ApplicationFilterChain.doFilter(ApplicationFilterChain.java:138)
	at org.apache.tomcat.websocket.server.WsFilter.doFilter(WsFilter.java:51)
	at org.apache.catalina.core.ApplicationFilterChain.internalDoFilter(ApplicationFilterChain.java:162)
	at org.apache.catalina.core.ApplicationFilterChain.doFilter(ApplicationFilterChain.java:138)
	at org.springframework.web.filter.OncePerRequestFilter.doFilter(OncePerRequestFilter.java:110)
	at org.apache.catalina.core.ApplicationFilterChain.internalDoFilter(ApplicationFilterChain.java:162)
	at org.apache.catalina.core.ApplicationFilterChain.doFilter(ApplicationFilterChain.java:138)
	at org.springframework.web.filter.OncePerRequestFilter.doFilter(OncePerRequestFilter.java:101)
	at org.apache.catalina.core.ApplicationFilterChain.internalDoFilter(ApplicationFilterChain.java:162)
	at org.apache.catalina.core.ApplicationFilterChain.doFilter(ApplicationFilterChain.java:138)
	at org.springframework.web.filter.CompositeFilter$VirtualFilterChain.doFilter(CompositeFilter.java:108)
	at org.springframework.web.filter.CompositeFilter$VirtualFilterChain.doFilter(CompositeFilter.java:108)
	at org.springframework.security.web.FilterChainProxy.lambda$doFilterInternal$3(FilterChainProxy.java:231)
	at org.springframework.security.web.FilterChainProxy$VirtualFilterChain.doFilter(FilterChainProxy.java:365)
	at org.springframework.security.web.access.intercept.AuthorizationFilter.doFilter(AuthorizationFilter.java:101)
	at org.springframework.security.web.FilterChainProxy$VirtualFilterChain.doFilter(FilterChainProxy.java:374)
	at org.springframework.security.web.access.ExceptionTranslationFilter.doFilter(ExceptionTranslationFilter.java:125)
	at org.springframework.security.web.access.ExceptionTranslationFilter.doFilter(ExceptionTranslationFilter.java:119)
	at org.springframework.security.web.FilterChainProxy$VirtualFilterChain.doFilter(FilterChainProxy.java:374)
	at org.springframework.security.web.session.SessionManagementFilter.doFilter(SessionManagementFilter.java:131)
	at org.springframework.security.web.session.SessionManagementFilter.doFilter(SessionManagementFilter.java:85)
	at org.springframework.security.web.FilterChainProxy$VirtualFilterChain.doFilter(FilterChainProxy.java:374)
	at org.springframework.security.web.authentication.AnonymousAuthenticationFilter.doFilter(AnonymousAuthenticationFilter.java:100)
	at org.springframework.security.web.FilterChainProxy$VirtualFilterChain.doFilter(FilterChainProxy.java:374)
	at org.springframework.security.web.servletapi.SecurityContextHolderAwareRequestFilter.doFilter(SecurityContextHolderAwareRequestFilter.java:179)
	at org.springframework.security.web.FilterChainProxy$VirtualFilterChain.doFilter(FilterChainProxy.java:374)
	at org.springframework.security.web.savedrequest.RequestCacheAwareFilter.doFilter(RequestCacheAwareFilter.java:63)
	at org.springframework.security.web.FilterChainProxy$VirtualFilterChain.doFilter(FilterChainProxy.java:374)
	at org.springframework.web.filter.OncePerRequestFilter.doFilter(OncePerRequestFilter.java:101)
	at org.springframework.security.web.FilterChainProxy$VirtualFilterChain.doFilter(FilterChainProxy.java:374)
	at org.springframework.web.filter.OncePerRequestFilter.doFilter(OncePerRequestFilter.java:110)
	at org.springframework.security.web.FilterChainProxy$VirtualFilterChain.doFilter(FilterChainProxy.java:374)
	at com.vela.gramstore.security.filter.AuthFilter.doFilterInternal(AuthFilter.java:47)
	at org.springframework.web.filter.OncePerRequestFilter.doFilter(OncePerRequestFilter.java:116)
	at org.springframework.security.web.FilterChainProxy$VirtualFilterChain.doFilter(FilterChainProxy.java:374)
	at org.springframework.security.web.authentication.logout.LogoutFilter.doFilter(LogoutFilter.java:107)
	at org.springframework.security.web.authentication.logout.LogoutFilter.doFilter(LogoutFilter.java:93)
	at org.springframework.security.web.FilterChainProxy$VirtualFilterChain.doFilter(FilterChainProxy.java:374)
	at org.springframework.web.filter.CorsFilter.doFilterInternal(CorsFilter.java:91)
	at org.springframework.web.filter.OncePerRequestFilter.doFilter(OncePerRequestFilter.java:116)
	at org.springframework.security.web.FilterChainProxy$VirtualFilterChain.doFilter(FilterChainProxy.java:374)
	at org.springframework.security.web.header.HeaderWriterFilter.doHeadersAfter(HeaderWriterFilter.java:90)
	at org.springframework.security.web.header.HeaderWriterFilter.doFilterInternal(HeaderWriterFilter.java:75)
	at org.springframework.web.filter.OncePerRequestFilter.doFilter(OncePerRequestFilter.java:116)
	at org.springframework.security.web.FilterChainProxy$VirtualFilterChain.doFilter(FilterChainProxy.java:374)
	at org.springframework.security.web.context.SecurityContextHolderFilter.doFilter(SecurityContextHolderFilter.java:82)
	at org.springframework.security.web.context.SecurityContextHolderFilter.doFilter(SecurityContextHolderFilter.java:69)
	at org.springframework.security.web.FilterChainProxy$VirtualFilterChain.doFilter(FilterChainProxy.java:374)
	at org.springframework.security.web.context.request.async.WebAsyncManagerIntegrationFilter.doFilterInternal(WebAsyncManagerIntegrationFilter.java:62)
	at org.springframework.web.filter.OncePerRequestFilter.doFilter(OncePerRequestFilter.java:116)
	at org.springframework.security.web.FilterChainProxy$VirtualFilterChain.doFilter(FilterChainProxy.java:374)
	at org.springframework.security.web.session.DisableEncodeUrlFilter.doFilterInternal(DisableEncodeUrlFilter.java:42)
	at org.springframework.web.filter.OncePerRequestFilter.doFilter(OncePerRequestFilter.java:116)
	at org.springframework.security.web.FilterChainProxy$VirtualFilterChain.doFilter(FilterChainProxy.java:374)
	at org.springframework.security.web.FilterChainProxy.doFilterInternal(FilterChainProxy.java:233)
	at org.springframework.security.web.FilterChainProxy.doFilter(FilterChainProxy.java:191)
	at org.springframework.web.filter.CompositeFilter$VirtualFilterChain.doFilter(CompositeFilter.java:113)
	at org.springframework.web.filter.ServletRequestPathFilter.doFilter(ServletRequestPathFilter.java:52)
	at org.springframework.web.filter.CompositeFilter$VirtualFilterChain.doFilter(CompositeFilter.java:113)
	at org.springframework.web.filter.CompositeFilter.doFilter(CompositeFilter.java:74)
	at org.springframework.security.config.annotation.web.configuration.WebSecurityConfiguration$CompositeFilterChainProxy.doFilter(WebSecurityConfiguration.java:319)
	at org.springframework.web.filter.CompositeFilter$VirtualFilterChain.doFilter(CompositeFilter.java:113)
	at org.springframework.web.servlet.handler.HandlerMappingIntrospector.lambda$createCacheFilter$4(HandlerMappingIntrospector.java:267)
	at org.springframework.web.filter.CompositeFilter$VirtualFilterChain.doFilter(CompositeFilter.java:113)
	at org.springframework.web.filter.CompositeFilter.doFilter(CompositeFilter.java:74)
	at org.springframework.security.config.annotation.web.configuration.WebMvcSecurityConfiguration$CompositeFilterChainProxy.doFilter(WebMvcSecurityConfiguration.java:240)
	at org.springframework.web.filter.DelegatingFilterProxy.invokeDelegate(DelegatingFilterProxy.java:362)
	at org.springframework.web.filter.DelegatingFilterProxy.doFilter(DelegatingFilterProxy.java:278)
	at org.apache.catalina.core.ApplicationFilterChain.internalDoFilter(ApplicationFilterChain.java:162)
	at org.apache.catalina.core.ApplicationFilterChain.doFilter(ApplicationFilterChain.java:138)
	at org.springframework.web.filter.RequestContextFilter.doFilterInternal(RequestContextFilter.java:100)
	at org.springframework.web.filter.OncePerRequestFilter.doFilter(OncePerRequestFilter.java:116)
	at org.apache.catalina.core.ApplicationFilterChain.internalDoFilter(ApplicationFilterChain.java:162)
	at org.apache.catalina.core.ApplicationFilterChain.doFilter(ApplicationFilterChain.java:138)
	at org.springframework.web.filter.FormContentFilter.doFilterInternal(FormContentFilter.java:93)
	at org.springframework.web.filter.OncePerRequestFilter.doFilter(OncePerRequestFilter.java:116)
	at org.apache.catalina.core.ApplicationFilterChain.internalDoFilter(ApplicationFilterChain.java:162)
	at org.apache.catalina.core.ApplicationFilterChain.doFilter(ApplicationFilterChain.java:138)
	at org.springframework.web.filter.CharacterEncodingFilter.doFilterInternal(CharacterEncodingFilter.java:201)
	at org.springframework.web.filter.OncePerRequestFilter.doFilter(OncePerRequestFilter.java:116)
	at org.apache.catalina.core.ApplicationFilterChain.internalDoFilter(ApplicationFilterChain.java:162)
	at org.apache.catalina.core.ApplicationFilterChain.doFilter(ApplicationFilterChain.java:138)
	at org.apache.catalina.core.StandardWrapperValve.invoke(StandardWrapperValve.java:165)
	at org.apache.catalina.core.StandardContextValve.invoke(StandardContextValve.java:88)
	at org.apache.catalina.authenticator.AuthenticatorBase.invoke(AuthenticatorBase.java:492)
	at org.apache.catalina.core.StandardHostValve.invoke(StandardHostValve.java:113)
	at org.apache.catalina.valves.ErrorReportValve.invoke(ErrorReportValve.java:83)
	at org.apache.catalina.core.StandardEngineValve.invoke(StandardEngineValve.java:72)
	at org.apache.catalina.valves.RemoteIpValve.invoke(RemoteIpValve.java:733)
	at org.apache.catalina.connector.CoyoteAdapter.service(CoyoteAdapter.java:342)
	at org.apache.coyote.http11.Http11Processor.service(Http11Processor.java:399)
	at org.apache.coyote.AbstractProcessorLight.process(AbstractProcessorLight.java:63)
	at org.apache.coyote.AbstractProtocol$ConnectionHandler.process(AbstractProtocol.java:903)
	at org.apache.tomcat.util.net.NioEndpoint$SocketProcessor.doRun(NioEndpoint.java:1775)
	at org.apache.tomcat.util.net.SocketProcessorBase.run(SocketProcessorBase.java:52)
	at org.apache.tomcat.util.threads.ThreadPoolExecutor.runWorker(ThreadPoolExecutor.java:973)
	at org.apache.tomcat.util.threads.ThreadPoolExecutor$Worker.run(ThreadPoolExecutor.java:491)
	at org.apache.tomcat.util.threads.TaskThread$WrappingRunnable.run(TaskThread.java:63)
	at java.base/java.lang.Thread.run(Thread.java:1583)
2026-08-19 12:13:58,991 ERROR o.a.c.c.C.[.[.[.[dispatcherServlet] [http-nio-8080-exec-9] Servlet.service() for servlet [dispatcherServlet] in context with path [] threw exception [Request processing failed: org.springframework.expression.spel.SpelEvaluationException: EL1007E: Property or field 'username' cannot be found on null] with root cause
org.springframework.expression.spel.SpelEvaluationException: EL1007E: Property or field 'username' cannot be found on null
	at org.springframework.expression.spel.ast.PropertyOrFieldReference.readProperty(PropertyOrFieldReference.java:225)
	at org.springframework.expression.spel.ast.PropertyOrFieldReference.getValueInternal(PropertyOrFieldReference.java:112)
	at org.springframework.expression.spel.ast.PropertyOrFieldReference$AccessorValueRef.getValue(PropertyOrFieldReference.java:376)
	at org.springframework.expression.spel.ast.CompoundExpression.getValueInternal(CompoundExpression.java:97)
	at org.springframework.expression.spel.ast.SpelNodeImpl.getValue(SpelNodeImpl.java:116)
	at org.springframework.expression.spel.standard.SpelExpression.getValue(SpelExpression.java:273)
	at org.springframework.cache.interceptor.CacheOperationExpressionEvaluator.key(CacheOperationExpressionEvaluator.java:106)
	at org.springframework.cache.interceptor.CacheAspectSupport$CacheOperationContext.generateKey(CacheAspectSupport.java:969)
	at org.springframework.cache.interceptor.CacheAspectSupport.generateKey(CacheAspectSupport.java:759)
	at org.springframework.cache.interceptor.CacheAspectSupport.performCacheEvicts(CacheAspectSupport.java:715)
	at org.springframework.cache.interceptor.CacheAspectSupport.processCacheEvicts(CacheAspectSupport.java:699)
	at org.springframework.cache.interceptor.CacheAspectSupport.evaluate(CacheAspectSupport.java:623)
	at org.springframework.cache.interceptor.CacheAspectSupport.execute(CacheAspectSupport.java:448)
	at org.springframework.cache.interceptor.CacheAspectSupport.execute(CacheAspectSupport.java:410)
	at org.springframework.cache.interceptor.CacheInterceptor.invoke(CacheInterceptor.java:65)
	at org.springframework.aop.framework.ReflectiveMethodInvocation.proceed(ReflectiveMethodInvocation.java:184)
	at org.springframework.aop.framework.CglibAopProxy$DynamicAdvisedInterceptor.intercept(CglibAopProxy.java:728)
	at com.vela.gramstore.service.UserService$$SpringCGLIB$$0.markVerified(<generated>)
	at com.vela.gramstore.service.AuthService.verify(AuthService.java:168)
	at java.base/jdk.internal.reflect.DirectMethodHandleAccessor.invoke(DirectMethodHandleAccessor.java:103)
	at java.base/java.lang.reflect.Method.invoke(Method.java:580)
	at org.springframework.aop.support.AopUtils.invokeJoinpointUsingReflection(AopUtils.java:360)
	at org.springframework.aop.framework.CglibAopProxy$DynamicAdvisedInterceptor.intercept(CglibAopProxy.java:724)
	at com.vela.gramstore.service.AuthService$$SpringCGLIB$$0.verify(<generated>)
	at com.vela.gramstore.controller.AuthController.verify(AuthController.java:55)
	at java.base/jdk.internal.reflect.DirectMethodHandleAccessor.invoke(DirectMethodHandleAccessor.java:103)
	at java.base/java.lang.reflect.Method.invoke(Method.java:580)
	at org.springframework.web.method.support.InvocableHandlerMethod.doInvoke(InvocableHandlerMethod.java:258)
	at org.springframework.web.method.support.InvocableHandlerMethod.invokeForRequest(InvocableHandlerMethod.java:191)
	at org.springframework.web.servlet.mvc.method.annotation.ServletInvocableHandlerMethod.invokeAndHandle(ServletInvocableHandlerMethod.java:118)
	at org.springframework.web.servlet.mvc.method.annotation.RequestMappingHandlerAdapter.invokeHandlerMethod(RequestMappingHandlerAdapter.java:991)
	at org.springframework.web.servlet.mvc.method.annotation.RequestMappingHandlerAdapter.handleInternal(RequestMappingHandlerAdapter.java:896)
	at org.springframework.web.servlet.mvc.method.AbstractHandlerMethodAdapter.handle(AbstractHandlerMethodAdapter.java:87)
	at org.springframework.web.servlet.DispatcherServlet.doDispatch(DispatcherServlet.java:1089)
	at org.springframework.web.servlet.DispatcherServlet.doService(DispatcherServlet.java:979)
	at org.springframework.web.servlet.FrameworkServlet.processRequest(FrameworkServlet.java:1014)
	at org.springframework.web.servlet.FrameworkServlet.doPost(FrameworkServlet.java:914)
	at jakarta.servlet.http.HttpServlet.service(HttpServlet.java:590)
	at org.springframework.web.servlet.FrameworkServlet.service(FrameworkServlet.java:885)
	at jakarta.servlet.http.HttpServlet.service(HttpServlet.java:658)
	at org.apache.catalina.core.ApplicationFilterChain.internalDoFilter(ApplicationFilterChain.java:193)
	at org.apache.catalina.core.ApplicationFilterChain.doFilter(ApplicationFilterChain.java:138)
	at org.apache.tomcat.websocket.server.WsFilter.doFilter(WsFilter.java:51)
	at org.apache.catalina.core.ApplicationFilterChain.internalDoFilter(ApplicationFilterChain.java:162)
	at org.apache.catalina.core.ApplicationFilterChain.doFilter(ApplicationFilterChain.java:138)
	at org.springframework.web.filter.OncePerRequestFilter.doFilter(OncePerRequestFilter.java:110)
	at org.apache.catalina.core.ApplicationFilterChain.internalDoFilter(ApplicationFilterChain.java:162)
	at org.apache.catalina.core.ApplicationFilterChain.doFilter(ApplicationFilterChain.java:138)
	at org.springframework.web.filter.OncePerRequestFilter.doFilter(OncePerRequestFilter.java:101)
	at org.apache.catalina.core.ApplicationFilterChain.internalDoFilter(ApplicationFilterChain.java:162)
	at org.apache.catalina.core.ApplicationFilterChain.doFilter(ApplicationFilterChain.java:138)
	at org.springframework.web.filter.CompositeFilter$VirtualFilterChain.doFilter(CompositeFilter.java:108)
	at org.springframework.web.filter.CompositeFilter$VirtualFilterChain.doFilter(CompositeFilter.java:108)
	at org.springframework.security.web.FilterChainProxy.lambda$doFilterInternal$3(FilterChainProxy.java:231)
	at org.springframework.security.web.FilterChainProxy$VirtualFilterChain.doFilter(FilterChainProxy.java:365)
	at org.springframework.security.web.access.intercept.AuthorizationFilter.doFilter(AuthorizationFilter.java:101)
	at org.springframework.security.web.FilterChainProxy$VirtualFilterChain.doFilter(FilterChainProxy.java:374)
	at org.springframework.security.web.access.ExceptionTranslationFilter.doFilter(ExceptionTranslationFilter.java:125)
	at org.springframework.security.web.access.ExceptionTranslationFilter.doFilter(ExceptionTranslationFilter.java:119)
	at org.springframework.security.web.FilterChainProxy$VirtualFilterChain.doFilter(FilterChainProxy.java:374)
	at org.springframework.security.web.session.SessionManagementFilter.doFilter(SessionManagementFilter.java:131)
	at org.springframework.security.web.session.SessionManagementFilter.doFilter(SessionManagementFilter.java:85)
	at org.springframework.security.web.FilterChainProxy$VirtualFilterChain.doFilter(FilterChainProxy.java:374)
	at org.springframework.security.web.authentication.AnonymousAuthenticationFilter.doFilter(AnonymousAuthenticationFilter.java:100)
	at org.springframework.security.web.FilterChainProxy$VirtualFilterChain.doFilter(FilterChainProxy.java:374)
	at org.springframework.security.web.servletapi.SecurityContextHolderAwareRequestFilter.doFilter(SecurityContextHolderAwareRequestFilter.java:179)
	at org.springframework.security.web.FilterChainProxy$VirtualFilterChain.doFilter(FilterChainProxy.java:374)
	at org.springframework.security.web.savedrequest.RequestCacheAwareFilter.doFilter(RequestCacheAwareFilter.java:63)
	at org.springframework.security.web.FilterChainProxy$VirtualFilterChain.doFilter(FilterChainProxy.java:374)
	at org.springframework.web.filter.OncePerRequestFilter.doFilter(OncePerRequestFilter.java:101)
	at org.springframework.security.web.FilterChainProxy$VirtualFilterChain.doFilter(FilterChainProxy.java:374)
	at org.springframework.web.filter.OncePerRequestFilter.doFilter(OncePerRequestFilter.java:110)
	at org.springframework.security.web.FilterChainProxy$VirtualFilterChain.doFilter(FilterChainProxy.java:374)
	at com.vela.gramstore.security.filter.AuthFilter.doFilterInternal(AuthFilter.java:47)
	at org.springframework.web.filter.OncePerRequestFilter.doFilter(OncePerRequestFilter.java:116)
	at org.springframework.security.web.FilterChainProxy$VirtualFilterChain.doFilter(FilterChainProxy.java:374)
	at org.springframework.security.web.authentication.logout.LogoutFilter.doFilter(LogoutFilter.java:107)
	at org.springframework.security.web.authentication.logout.LogoutFilter.doFilter(LogoutFilter.java:93)
	at org.springframework.security.web.FilterChainProxy$VirtualFilterChain.doFilter(FilterChainProxy.java:374)
	at org.springframework.web.filter.CorsFilter.doFilterInternal(CorsFilter.java:91)
	at org.springframework.web.filter.OncePerRequestFilter.doFilter(OncePerRequestFilter.java:116)
	at org.springframework.security.web.FilterChainProxy$VirtualFilterChain.doFilter(FilterChainProxy.java:374)
	at org.springframework.security.web.header.HeaderWriterFilter.doHeadersAfter(HeaderWriterFilter.java:90)
	at org.springframework.security.web.header.HeaderWriterFilter.doFilterInternal(HeaderWriterFilter.java:75)
	at org.springframework.web.filter.OncePerRequestFilter.doFilter(OncePerRequestFilter.java:116)
	at org.springframework.security.web.FilterChainProxy$VirtualFilterChain.doFilter(FilterChainProxy.java:374)
	at org.springframework.security.web.context.SecurityContextHolderFilter.doFilter(SecurityContextHolderFilter.java:82)
	at org.springframework.security.web.context.SecurityContextHolderFilter.doFilter(SecurityContextHolderFilter.java:69)
	at org.springframework.security.web.FilterChainProxy$VirtualFilterChain.doFilter(FilterChainProxy.java:374)
	at org.springframework.security.web.context.request.async.WebAsyncManagerIntegrationFilter.doFilterInternal(WebAsyncManagerIntegrationFilter.java:62)
	at org.springframework.web.filter.OncePerRequestFilter.doFilter(OncePerRequestFilter.java:116)
	at org.springframework.security.web.FilterChainProxy$VirtualFilterChain.doFilter(FilterChainProxy.java:374)
	at org.springframework.security.web.session.DisableEncodeUrlFilter.doFilterInternal(DisableEncodeUrlFilter.java:42)
	at org.springframework.web.filter.OncePerRequestFilter.doFilter(OncePerRequestFilter.java:116)
	at org.springframework.security.web.FilterChainProxy$VirtualFilterChain.doFilter(FilterChainProxy.java:374)
	at org.springframework.security.web.FilterChainProxy.doFilterInternal(FilterChainProxy.java:233)
	at org.springframework.security.web.FilterChainProxy.doFilter(FilterChainProxy.java:191)
	at org.springframework.web.filter.CompositeFilter$VirtualFilterChain.doFilter(CompositeFilter.java:113)
	at org.springframework.web.filter.ServletRequestPathFilter.doFilter(ServletRequestPathFilter.java:52)
	at org.springframework.web.filter.CompositeFilter$VirtualFilterChain.doFilter(CompositeFilter.java:113)
	at org.springframework.web.filter.CompositeFilter.doFilter(CompositeFilter.java:74)
	at org.springframework.security.config.annotation.web.configuration.WebSecurityConfiguration$CompositeFilterChainProxy.doFilter(WebSecurityConfiguration.java:319)
	at org.springframework.web.filter.CompositeFilter$VirtualFilterChain.doFilter(CompositeFilter.java:113)
	at org.springframework.web.servlet.handler.HandlerMappingIntrospector.lambda$createCacheFilter$4(HandlerMappingIntrospector.java:267)
	at org.springframework.web.filter.CompositeFilter$VirtualFilterChain.doFilter(CompositeFilter.java:113)
	at org.springframework.web.filter.CompositeFilter.doFilter(CompositeFilter.java:74)
	at org.springframework.security.config.annotation.web.configuration.WebMvcSecurityConfiguration$CompositeFilterChainProxy.doFilter(WebMvcSecurityConfiguration.java:240)
	at org.springframework.web.filter.DelegatingFilterProxy.invokeDelegate(DelegatingFilterProxy.java:362)
	at org.springframework.web.filter.DelegatingFilterProxy.doFilter(DelegatingFilterProxy.java:278)
	at org.apache.catalina.core.ApplicationFilterChain.internalDoFilter(ApplicationFilterChain.java:162)
	at org.apache.catalina.core.ApplicationFilterChain.doFilter(ApplicationFilterChain.java:138)
	at org.springframework.web.filter.RequestContextFilter.doFilterInternal(RequestContextFilter.java:100)
	at org.springframework.web.filter.OncePerRequestFilter.doFilter(OncePerRequestFilter.java:116)
	at org.apache.catalina.core.ApplicationFilterChain.internalDoFilter(ApplicationFilterChain.java:162)
	at org.apache.catalina.core.ApplicationFilterChain.doFilter(ApplicationFilterChain.java:138)
	at org.springframework.web.filter.FormContentFilter.doFilterInternal(FormContentFilter.java:93)
	at org.springframework.web.filter.OncePerRequestFilter.doFilter(OncePerRequestFilter.java:116)
	at org.apache.catalina.core.ApplicationFilterChain.internalDoFilter(ApplicationFilterChain.java:162)
	at org.apache.catalina.core.ApplicationFilterChain.doFilter(ApplicationFilterChain.java:138)
	at org.springframework.web.filter.CharacterEncodingFilter.doFilterInternal(CharacterEncodingFilter.java:201)
	at org.springframework.web.filter.OncePerRequestFilter.doFilter(OncePerRequestFilter.java:116)
	at org.apache.catalina.core.ApplicationFilterChain.internalDoFilter(ApplicationFilterChain.java:162)
	at org.apache.catalina.core.ApplicationFilterChain.doFilter(ApplicationFilterChain.java:138)
	at org.apache.catalina.core.StandardWrapperValve.invoke(StandardWrapperValve.java:165)
	at org.apache.catalina.core.StandardContextValve.invoke(StandardContextValve.java:88)
	at org.apache.catalina.authenticator.AuthenticatorBase.invoke(AuthenticatorBase.java:492)
	at org.apache.catalina.core.StandardHostValve.invoke(StandardHostValve.java:113)
	at org.apache.catalina.valves.ErrorReportValve.invoke(ErrorReportValve.java:83)
	at org.apache.catalina.core.StandardEngineValve.invoke(StandardEngineValve.java:72)
	at org.apache.catalina.valves.RemoteIpValve.invoke(RemoteIpValve.java:733)
	at org.apache.catalina.connector.CoyoteAdapter.service(CoyoteAdapter.java:342)
	at org.apache.coyote.http11.Http11Processor.service(Http11Processor.java:399)
	at org.apache.coyote.AbstractProcessorLight.process(AbstractProcessorLight.java:63)
	at org.apache.coyote.AbstractProtocol$ConnectionHandler.process(AbstractProtocol.java:903)
	at org.apache.tomcat.util.net.NioEndpoint$SocketProcessor.doRun(NioEndpoint.java:1775)
	at org.apache.tomcat.util.net.SocketProcessorBase.run(SocketProcessorBase.java:52)
	at org.apache.tomcat.util.threads.ThreadPoolExecutor.runWorker(ThreadPoolExecutor.java:973)
	at org.apache.tomcat.util.threads.ThreadPoolExecutor$Worker.run(ThreadPoolExecutor.java:491)
	at org.apache.tomcat.util.threads.TaskThread$WrappingRunnable.run(TaskThread.java:63)
	at java.base/java.lang.Thread.run(Thread.java:1583)
2026-08-19 12:13:59,005 INFO c.v.g.w.SessionWebSocketHandler [http-nio-8080-exec-8] WebSocket disconnected: 0b0d4a4c-386d-97fb-0164-2980768a7666 with status: null
2026-08-19 12:14:02,558 INFO c.v.g.w.SessionWebSocketHandler [http-nio-8080-exec-10] WebSocket Connected: 6c29b86d-66b9-5d3e-be0c-82192f149eb6
2026-08-19 12:14:27,623 INFO c.v.g.w.SessionWebSocketHandler [http-nio-8080-exec-4] WebSocket disconnected: 6c29b86d-66b9-5d3e-be0c-82192f149eb6 with status: null
2026-08-19 12:14:27,780 INFO c.v.g.w.SessionWebSocketHandler [http-nio-8080-exec-8] WebSocket Connected: d559cea7-0311-943c-7354-1d461bd48835
2026-08-19 12:14:41,644 INFO c.v.g.w.SessionWebSocketHandler [http-nio-8080-exec-2] WebSocket disconnected: d559cea7-0311-943c-7354-1d461bd48835 with status: null
2026-08-19 12:14:51,459 INFO c.v.g.w.SessionWebSocketHandler [http-nio-8080-exec-4] WebSocket Connected: e63e016d-f59e-fcfd-1ad5-a03de5f21256
2026-08-19 12:15:10,839 WARN o.s.w.s.m.s.DefaultHandlerExceptionResolver [http-nio-8080-exec-2] Resolved [org.springframework.web.bind.MissingRequestCookieException: Required cookie 'stimulus' for method parameter type String is not present]
2026-08-19 12:15:17,127 INFO c.v.g.w.SessionWebSocketHandler [http-nio-8080-exec-3] WebSocket disconnected: e63e016d-f59e-fcfd-1ad5-a03de5f21256 with status: null
2026-08-19 12:15:17,297 INFO c.v.g.w.SessionWebSocketHandler [http-nio-8080-exec-6] WebSocket Connected: 6d4da6ae-3140-b242-f812-4b895610a64b
2026-08-19 12:15:19,657 INFO c.v.g.w.SessionWebSocketHandler [http-nio-8080-exec-8] WebSocket disconnected: 6d4da6ae-3140-b242-f812-4b895610a64b with status: null
2026-08-19 12:15:19,772 INFO c.v.g.w.SessionWebSocketHandler [http-nio-8080-exec-10] WebSocket Connected: 2ff9c9df-29d1-7487-01af-f664e88f0b64
2026-08-19 12:15:27,098 INFO c.v.g.w.SessionWebSocketHandler [http-nio-8080-exec-4] WebSocket disconnected: 2ff9c9df-29d1-7487-01af-f664e88f0b64 with status: null
2026-08-19 12:16:19,524 INFO o.s.b.w.e.t.GracefulShutdown [SpringApplicationShutdownHook] Commencing graceful shutdown. Waiting for active requests to complete
2026-08-19 12:16:19,543 INFO o.s.b.w.e.t.GracefulShutdown [tomcat-shutdown] Graceful shutdown complete
2026-08-19 12:21:12,183 INFO o.h.v.i.u.Version [background-preinit] HV000001: Hibernate Validator 8.0.3.Final
2026-08-19 12:21:12,244 INFO c.v.g.GramStoreApplication [main] Starting GramStoreApplication using Java 21.0.10 with PID 13404 (C:\Users\dsiro\IdeaProjects\GramStore\target\classes started by dsiro in C:\Users\dsiro\IdeaProjects\GramStore)
2026-08-19 12:21:12,246 INFO c.v.g.GramStoreApplication [main] The following 1 profile is active: "dev"
2026-08-19 12:21:13,248 INFO o.s.d.r.c.RepositoryConfigurationDelegate [main] Multiple Spring Data modules found, entering strict repository configuration mode
2026-08-19 12:21:13,248 INFO o.s.d.r.c.RepositoryConfigurationDelegate [main] Bootstrapping Spring Data MongoDB repositories in DEFAULT mode.
2026-08-19 12:21:13,280 INFO o.s.d.r.c.RepositoryConfigurationDelegate [main] Finished Spring Data repository scanning in 30 ms. Found 0 MongoDB repository interfaces.
2026-08-19 12:21:13,296 INFO o.s.d.r.c.RepositoryConfigurationDelegate [main] Multiple Spring Data modules found, entering strict repository configuration mode
2026-08-19 12:21:13,296 INFO o.s.d.r.c.RepositoryConfigurationDelegate [main] Bootstrapping Spring Data Redis repositories in DEFAULT mode.
2026-08-19 12:21:13,327 INFO o.s.d.r.c.RepositoryConfigurationDelegate [main] Finished Spring Data repository scanning in 12 ms. Found 0 Redis repository interfaces.
2026-08-19 12:21:14,747 INFO o.s.b.w.e.t.TomcatWebServer [main] Tomcat initialized with port 8080 (http)
2026-08-19 12:21:14,778 INFO o.a.c.h.Http11NioProtocol [main] Initializing ProtocolHandler ["http-nio-8080"]
2026-08-19 12:21:14,784 INFO o.a.c.c.StandardService [main] Starting service [Tomcat]
2026-08-19 12:21:14,785 INFO o.a.c.c.StandardEngine [main] Starting Servlet engine: [Apache Tomcat/10.1.52]
2026-08-19 12:21:14,960 INFO o.a.c.c.C.[.[.[/] [main] Initializing Spring embedded WebApplicationContext
2026-08-19 12:21:14,961 INFO o.s.b.w.s.c.ServletWebServerApplicationContext [main] Root WebApplicationContext: initialization completed in 2639 ms
2026-08-19 12:21:15,374 INFO o.m.d.cluster [cluster-ClusterId{value='6a855263d41e7bc97653d0e6', description='null'}-srv-vela.tkxsdpk.mongodb.net] Adding discovered server ac-pwzxuxu-shard-00-00.tkxsdpk.mongodb.net:27017 to client view of cluster
2026-08-19 12:21:15,467 INFO o.m.d.client [main] MongoClient with metadata {"driver": {"name": "mongo-java-driver|sync|spring-boot", "version": "5.5.2"}, "os": {"type": "Windows", "name": "Windows 11", "architecture": "amd64", "version": "10.0"}, "platform": "Java/Oracle Corporation/21.0.10+8-LTS-217"} created with settings MongoClientSettings{readPreference=primary, writeConcern=WriteConcern{w=majority, wTimeout=null ms, journal=null}, retryWrites=true, retryReads=true, readConcern=ReadConcern{level=null}, credential=MongoCredential{mechanism=null, userName='dhiren', source='admin', password=<hidden>, mechanismProperties=<hidden>}, transportSettings=null, commandListeners=[], codecRegistry=ProvidersCodecRegistry{codecProviders=[ValueCodecProvider{}, BsonValueCodecProvider{}, DBRefCodecProvider{}, DBObjectCodecProvider{}, DocumentCodecProvider{}, CollectionCodecProvider{}, IterableCodecProvider{}, MapCodecProvider{}, GeoJsonCodecProvider{}, GridFSFileCodecProvider{}, Jsr310CodecProvider{}, JsonObjectCodecProvider{}, BsonCodecProvider{}, EnumCodecProvider{}, com.mongodb.client.model.mql.ExpressionCodecProvider@54895681, com.mongodb.Jep395RecordCodecProvider@2dd0a0d0, com.mongodb.KotlinCodecProvider@6bf570c]}, loggerSettings=LoggerSettings{maxDocumentLength=1000}, clusterSettings={hosts=[127.0.0.1:27017], srvHost=vela.tkxsdpk.mongodb.net, srvServiceName=mongodb, mode=MULTIPLE, requiredClusterType=REPLICA_SET, requiredReplicaSetName='atlas-13gwxg-shard-0', serverSelector='null', clusterListeners='[]', serverSelectionTimeout='30000 ms', localThreshold='15 ms'}, socketSettings=SocketSettings{connectTimeoutMS=10000, readTimeoutMS=0, receiveBufferSize=0, proxySettings=ProxySettings{host=null, port=null, username=null, password=null}}, heartbeatSocketSettings=SocketSettings{connectTimeoutMS=10000, readTimeoutMS=10000, receiveBufferSize=0, proxySettings=ProxySettings{host=null, port=null, username=null, password=null}}, connectionPoolSettings=ConnectionPoolSettings{maxSize=100, minSize=0, maxWaitTimeMS=120000, maxConnectionLifeTimeMS=0, maxConnectionIdleTimeMS=0, maintenanceInitialDelayMS=0, maintenanceFrequencyMS=60000, connectionPoolListeners=[], maxConnecting=2}, serverSettings=ServerSettings{heartbeatFrequencyMS=10000, minHeartbeatFrequencyMS=500, serverMonitoringMode=AUTO, serverListeners='[]', serverMonitorListeners='[]'}, sslSettings=SslSettings{enabled=true, invalidHostNameAllowed=false, context=null}, applicationName='null', compressorList=[], uuidRepresentation=JAVA_LEGACY, serverApi=null, autoEncryptionSettings=null, dnsClient=null, inetAddressResolver=null, contextProvider=null, timeoutMS=null}
2026-08-19 12:21:15,479 INFO o.m.d.cluster [cluster-ClusterId{value='6a855263d41e7bc97653d0e6', description='null'}-srv-vela.tkxsdpk.mongodb.net] Adding discovered server ac-pwzxuxu-shard-00-01.tkxsdpk.mongodb.net:27017 to client view of cluster
2026-08-19 12:21:15,487 INFO o.m.d.cluster [cluster-ClusterId{value='6a855263d41e7bc97653d0e6', description='null'}-srv-vela.tkxsdpk.mongodb.net] Adding discovered server ac-pwzxuxu-shard-00-02.tkxsdpk.mongodb.net:27017 to client view of cluster
2026-08-19 12:21:16,244 INFO o.m.d.cluster [main] Waiting for server to become available for operation with ID 5. Remaining time: 29985 ms. Selector: WritableServerSelector, topology description: {type=REPLICA_SET, servers=[{address=ac-pwzxuxu-shard-00-00.tkxsdpk.mongodb.net:27017, type=UNKNOWN, state=CONNECTING}, {address=ac-pwzxuxu-shard-00-01.tkxsdpk.mongodb.net:27017, type=UNKNOWN, state=CONNECTING}, {address=ac-pwzxuxu-shard-00-02.tkxsdpk.mongodb.net:27017, type=UNKNOWN, state=CONNECTING}].
2026-08-19 12:21:16,387 INFO o.m.d.cluster [cluster-ClusterId{value='6a855263d41e7bc97653d0e6', description='null'}-ac-pwzxuxu-shard-00-01.tkxsdpk.mongodb.net:27017] Monitor thread successfully connected to server with description ServerDescription{address=ac-pwzxuxu-shard-00-01.tkxsdpk.mongodb.net:27017, type=REPLICA_SET_PRIMARY, cryptd=false, state=CONNECTED, ok=true, minWireVersion=0, maxWireVersion=25, maxDocumentSize=16777216, logicalSessionTimeoutMinutes=30, roundTripTimeNanos=487798799, minRoundTripTimeNanos=0, setName='atlas-13gwxg-shard-0', canonicalAddress=ac-pwzxuxu-shard-00-01.tkxsdpk.mongodb.net:27017, hosts=[ac-pwzxuxu-shard-00-02.tkxsdpk.mongodb.net:27017, ac-pwzxuxu-shard-00-00.tkxsdpk.mongodb.net:27017, ac-pwzxuxu-shard-00-01.tkxsdpk.mongodb.net:27017], passives=[], arbiters=[], primary='ac-pwzxuxu-shard-00-01.tkxsdpk.mongodb.net:27017', tagSet=TagSet{[Tag{name='cacheState', value='READY'}, Tag{name='diskState', value='READY'}, Tag{name='nodeType', value='ELECTABLE'}, Tag{name='provider', value='AZURE'}, Tag{name='region', value='INDIA_CENTRAL'}, Tag{name='workloadType', value='OPERATIONAL'}]}, electionId=7fffffff00000000000001cb, setVersion=415, topologyVersion=TopologyVersion{processId=6a7a3259a49ce98341b01ffe, counter=10}, lastWriteDate=Wed Aug 19 12:21:15 IST 2026, lastUpdateTimeNanos=136248271855400}
2026-08-19 12:21:16,387 INFO o.m.d.cluster [cluster-ClusterId{value='6a855263d41e7bc97653d0e6', description='null'}-ac-pwzxuxu-shard-00-00.tkxsdpk.mongodb.net:27017] Monitor thread successfully connected to server with description ServerDescription{address=ac-pwzxuxu-shard-00-00.tkxsdpk.mongodb.net:27017, type=REPLICA_SET_SECONDARY, cryptd=false, state=CONNECTED, ok=true, minWireVersion=0, maxWireVersion=25, maxDocumentSize=16777216, logicalSessionTimeoutMinutes=30, roundTripTimeNanos=487777000, minRoundTripTimeNanos=0, setName='atlas-13gwxg-shard-0', canonicalAddress=ac-pwzxuxu-shard-00-00.tkxsdpk.mongodb.net:27017, hosts=[ac-pwzxuxu-shard-00-02.tkxsdpk.mongodb.net:27017, ac-pwzxuxu-shard-00-00.tkxsdpk.mongodb.net:27017, ac-pwzxuxu-shard-00-01.tkxsdpk.mongodb.net:27017], passives=[], arbiters=[], primary='ac-pwzxuxu-shard-00-01.tkxsdpk.mongodb.net:27017', tagSet=TagSet{[Tag{name='cacheState', value='READY'}, Tag{name='diskState', value='READY'}, Tag{name='nodeType', value='ELECTABLE'}, Tag{name='provider', value='AZURE'}, Tag{name='region', value='INDIA_CENTRAL'}, Tag{name='workloadType', value='OPERATIONAL'}]}, electionId=null, setVersion=415, topologyVersion=TopologyVersion{processId=6a7a303208088ee8ec208729, counter=10}, lastWriteDate=Wed Aug 19 12:21:15 IST 2026, lastUpdateTimeNanos=136248271857000}
2026-08-19 12:21:16,389 INFO o.m.d.cluster [cluster-ClusterId{value='6a855263d41e7bc97653d0e6', description='null'}-ac-pwzxuxu-shard-00-02.tkxsdpk.mongodb.net:27017] Monitor thread successfully connected to server with description ServerDescription{address=ac-pwzxuxu-shard-00-02.tkxsdpk.mongodb.net:27017, type=REPLICA_SET_SECONDARY, cryptd=false, state=CONNECTED, ok=true, minWireVersion=0, maxWireVersion=25, maxDocumentSize=16777216, logicalSessionTimeoutMinutes=30, roundTripTimeNanos=487821599, minRoundTripTimeNanos=0, setName='atlas-13gwxg-shard-0', canonicalAddress=ac-pwzxuxu-shard-00-02.tkxsdpk.mongodb.net:27017, hosts=[ac-pwzxuxu-shard-00-02.tkxsdpk.mongodb.net:27017, ac-pwzxuxu-shard-00-00.tkxsdpk.mongodb.net:27017, ac-pwzxuxu-shard-00-01.tkxsdpk.mongodb.net:27017], passives=[], arbiters=[], primary='ac-pwzxuxu-shard-00-01.tkxsdpk.mongodb.net:27017', tagSet=TagSet{[Tag{name='cacheState', value='READY'}, Tag{name='diskState', value='READY'}, Tag{name='nodeType', value='ELECTABLE'}, Tag{name='provider', value='AZURE'}, Tag{name='region', value='INDIA_CENTRAL'}, Tag{name='workloadType', value='OPERATIONAL'}]}, electionId=null, setVersion=415, topologyVersion=TopologyVersion{processId=6a7a34d9d31996b1e8776014, counter=5}, lastWriteDate=Wed Aug 19 12:21:15 IST 2026, lastUpdateTimeNanos=136248271855400}
2026-08-19 12:21:16,394 INFO o.m.d.cluster [cluster-ClusterId{value='6a855263d41e7bc97653d0e6', description='null'}-ac-pwzxuxu-shard-00-01.tkxsdpk.mongodb.net:27017] Discovered replica set primary ac-pwzxuxu-shard-00-01.tkxsdpk.mongodb.net:27017 with max election id 7fffffff00000000000001cb and max set version 415
2026-08-19 12:21:18,758 INFO o.s.s.c.a.a.c.InitializeUserDetailsBeanManagerConfigurer$InitializeUserDetailsManagerConfigurer [main] Global AuthenticationManager configured with UserDetailsService bean with name userDetailsServiceImpl
2026-08-19 12:21:19,880 INFO o.a.c.h.Http11NioProtocol [main] Starting ProtocolHandler ["http-nio-8080"]
2026-08-19 12:21:19,908 INFO o.s.b.w.e.t.TomcatWebServer [main] Tomcat started on port 8080 (http) with context path '/'
2026-08-19 12:21:19,930 INFO c.v.g.GramStoreApplication [main] Started GramStoreApplication in 8.253 seconds (process running for 9.069)
2026-08-19 12:21:28,325 INFO o.a.c.c.C.[.[.[/] [http-nio-8080-exec-1] Initializing Spring DispatcherServlet 'dispatcherServlet'
2026-08-19 12:21:28,325 INFO o.s.w.s.DispatcherServlet [http-nio-8080-exec-1] Initializing Servlet 'dispatcherServlet'
2026-08-19 12:21:28,325 INFO o.s.w.s.DispatcherServlet [http-nio-8080-exec-1] Completed initialization in 0 ms
2026-08-19 12:21:43,096 INFO c.v.g.w.SessionWebSocketHandler [http-nio-8080-exec-4] WebSocket Connected: e607bec7-d224-6f77-959f-35f4339f6109
2026-08-19 12:22:00,722 ERROR o.a.c.c.C.[.[.[.[dispatcherServlet] [http-nio-8080-exec-6] Servlet.service() for servlet [dispatcherServlet] in context with path [] threw exception [Request processing failed: org.springframework.expression.spel.SpelEvaluationException: EL1007E: Property or field 'username' cannot be found on null] with root cause
org.springframework.expression.spel.SpelEvaluationException: EL1007E: Property or field 'username' cannot be found on null
	at org.springframework.expression.spel.ast.PropertyOrFieldReference.readProperty(PropertyOrFieldReference.java:225)
	at org.springframework.expression.spel.ast.PropertyOrFieldReference.getValueInternal(PropertyOrFieldReference.java:112)
	at org.springframework.expression.spel.ast.PropertyOrFieldReference$AccessorValueRef.getValue(PropertyOrFieldReference.java:376)
	at org.springframework.expression.spel.ast.CompoundExpression.getValueInternal(CompoundExpression.java:97)
	at org.springframework.expression.spel.ast.SpelNodeImpl.getValue(SpelNodeImpl.java:116)
	at org.springframework.expression.spel.standard.SpelExpression.getValue(SpelExpression.java:273)
	at org.springframework.cache.interceptor.CacheOperationExpressionEvaluator.key(CacheOperationExpressionEvaluator.java:106)
	at org.springframework.cache.interceptor.CacheAspectSupport$CacheOperationContext.generateKey(CacheAspectSupport.java:969)
	at org.springframework.cache.interceptor.CacheAspectSupport.generateKey(CacheAspectSupport.java:759)
	at org.springframework.cache.interceptor.CacheAspectSupport.performCacheEvicts(CacheAspectSupport.java:715)
	at org.springframework.cache.interceptor.CacheAspectSupport.processCacheEvicts(CacheAspectSupport.java:699)
	at org.springframework.cache.interceptor.CacheAspectSupport.evaluate(CacheAspectSupport.java:623)
	at org.springframework.cache.interceptor.CacheAspectSupport.execute(CacheAspectSupport.java:448)
	at org.springframework.cache.interceptor.CacheAspectSupport.execute(CacheAspectSupport.java:410)
	at org.springframework.cache.interceptor.CacheInterceptor.invoke(CacheInterceptor.java:65)
	at org.springframework.aop.framework.ReflectiveMethodInvocation.proceed(ReflectiveMethodInvocation.java:184)
	at org.springframework.aop.framework.CglibAopProxy$DynamicAdvisedInterceptor.intercept(CglibAopProxy.java:728)
	at com.vela.gramstore.service.UserService$$SpringCGLIB$$0.markVerified(<generated>)
	at com.vela.gramstore.service.AuthService.verify(AuthService.java:168)
	at java.base/jdk.internal.reflect.DirectMethodHandleAccessor.invoke(DirectMethodHandleAccessor.java:103)
	at java.base/java.lang.reflect.Method.invoke(Method.java:580)
	at org.springframework.aop.support.AopUtils.invokeJoinpointUsingReflection(AopUtils.java:360)
	at org.springframework.aop.framework.CglibAopProxy$DynamicAdvisedInterceptor.intercept(CglibAopProxy.java:724)
	at com.vela.gramstore.service.AuthService$$SpringCGLIB$$0.verify(<generated>)
	at com.vela.gramstore.controller.AuthController.verify(AuthController.java:55)
	at java.base/jdk.internal.reflect.DirectMethodHandleAccessor.invoke(DirectMethodHandleAccessor.java:103)
	at java.base/java.lang.reflect.Method.invoke(Method.java:580)
	at org.springframework.web.method.support.InvocableHandlerMethod.doInvoke(InvocableHandlerMethod.java:258)
	at org.springframework.web.method.support.InvocableHandlerMethod.invokeForRequest(InvocableHandlerMethod.java:191)
	at org.springframework.web.servlet.mvc.method.annotation.ServletInvocableHandlerMethod.invokeAndHandle(ServletInvocableHandlerMethod.java:118)
	at org.springframework.web.servlet.mvc.method.annotation.RequestMappingHandlerAdapter.invokeHandlerMethod(RequestMappingHandlerAdapter.java:991)
	at org.springframework.web.servlet.mvc.method.annotation.RequestMappingHandlerAdapter.handleInternal(RequestMappingHandlerAdapter.java:896)
	at org.springframework.web.servlet.mvc.method.AbstractHandlerMethodAdapter.handle(AbstractHandlerMethodAdapter.java:87)
	at org.springframework.web.servlet.DispatcherServlet.doDispatch(DispatcherServlet.java:1089)
	at org.springframework.web.servlet.DispatcherServlet.doService(DispatcherServlet.java:979)
	at org.springframework.web.servlet.FrameworkServlet.processRequest(FrameworkServlet.java:1014)
	at org.springframework.web.servlet.FrameworkServlet.doPost(FrameworkServlet.java:914)
	at jakarta.servlet.http.HttpServlet.service(HttpServlet.java:590)
	at org.springframework.web.servlet.FrameworkServlet.service(FrameworkServlet.java:885)
	at jakarta.servlet.http.HttpServlet.service(HttpServlet.java:658)
	at org.apache.catalina.core.ApplicationFilterChain.internalDoFilter(ApplicationFilterChain.java:193)
	at org.apache.catalina.core.ApplicationFilterChain.doFilter(ApplicationFilterChain.java:138)
	at org.apache.tomcat.websocket.server.WsFilter.doFilter(WsFilter.java:51)
	at org.apache.catalina.core.ApplicationFilterChain.internalDoFilter(ApplicationFilterChain.java:162)
	at org.apache.catalina.core.ApplicationFilterChain.doFilter(ApplicationFilterChain.java:138)
	at org.springframework.web.filter.OncePerRequestFilter.doFilter(OncePerRequestFilter.java:110)
	at org.apache.catalina.core.ApplicationFilterChain.internalDoFilter(ApplicationFilterChain.java:162)
	at org.apache.catalina.core.ApplicationFilterChain.doFilter(ApplicationFilterChain.java:138)
	at org.springframework.web.filter.OncePerRequestFilter.doFilter(OncePerRequestFilter.java:101)
	at org.apache.catalina.core.ApplicationFilterChain.internalDoFilter(ApplicationFilterChain.java:162)
	at org.apache.catalina.core.ApplicationFilterChain.doFilter(ApplicationFilterChain.java:138)
	at org.springframework.web.filter.CompositeFilter$VirtualFilterChain.doFilter(CompositeFilter.java:108)
	at org.springframework.web.filter.CompositeFilter$VirtualFilterChain.doFilter(CompositeFilter.java:108)
	at org.springframework.security.web.FilterChainProxy.lambda$doFilterInternal$3(FilterChainProxy.java:231)
	at org.springframework.security.web.FilterChainProxy$VirtualFilterChain.doFilter(FilterChainProxy.java:365)
	at org.springframework.security.web.access.intercept.AuthorizationFilter.doFilter(AuthorizationFilter.java:101)
	at org.springframework.security.web.FilterChainProxy$VirtualFilterChain.doFilter(FilterChainProxy.java:374)
	at org.springframework.security.web.access.ExceptionTranslationFilter.doFilter(ExceptionTranslationFilter.java:125)
	at org.springframework.security.web.access.ExceptionTranslationFilter.doFilter(ExceptionTranslationFilter.java:119)
	at org.springframework.security.web.FilterChainProxy$VirtualFilterChain.doFilter(FilterChainProxy.java:374)
	at org.springframework.security.web.session.SessionManagementFilter.doFilter(SessionManagementFilter.java:131)
	at org.springframework.security.web.session.SessionManagementFilter.doFilter(SessionManagementFilter.java:85)
	at org.springframework.security.web.FilterChainProxy$VirtualFilterChain.doFilter(FilterChainProxy.java:374)
	at org.springframework.security.web.authentication.AnonymousAuthenticationFilter.doFilter(AnonymousAuthenticationFilter.java:100)
	at org.springframework.security.web.FilterChainProxy$VirtualFilterChain.doFilter(FilterChainProxy.java:374)
	at org.springframework.security.web.servletapi.SecurityContextHolderAwareRequestFilter.doFilter(SecurityContextHolderAwareRequestFilter.java:179)
	at org.springframework.security.web.FilterChainProxy$VirtualFilterChain.doFilter(FilterChainProxy.java:374)
	at org.springframework.security.web.savedrequest.RequestCacheAwareFilter.doFilter(RequestCacheAwareFilter.java:63)
	at org.springframework.security.web.FilterChainProxy$VirtualFilterChain.doFilter(FilterChainProxy.java:374)
	at org.springframework.web.filter.OncePerRequestFilter.doFilter(OncePerRequestFilter.java:101)
	at org.springframework.security.web.FilterChainProxy$VirtualFilterChain.doFilter(FilterChainProxy.java:374)
	at org.springframework.web.filter.OncePerRequestFilter.doFilter(OncePerRequestFilter.java:110)
	at org.springframework.security.web.FilterChainProxy$VirtualFilterChain.doFilter(FilterChainProxy.java:374)
	at com.vela.gramstore.security.filter.AuthFilter.doFilterInternal(AuthFilter.java:47)
	at org.springframework.web.filter.OncePerRequestFilter.doFilter(OncePerRequestFilter.java:116)
	at org.springframework.security.web.FilterChainProxy$VirtualFilterChain.doFilter(FilterChainProxy.java:374)
	at org.springframework.security.web.authentication.logout.LogoutFilter.doFilter(LogoutFilter.java:107)
	at org.springframework.security.web.authentication.logout.LogoutFilter.doFilter(LogoutFilter.java:93)
	at org.springframework.security.web.FilterChainProxy$VirtualFilterChain.doFilter(FilterChainProxy.java:374)
	at org.springframework.web.filter.CorsFilter.doFilterInternal(CorsFilter.java:91)
	at org.springframework.web.filter.OncePerRequestFilter.doFilter(OncePerRequestFilter.java:116)
	at org.springframework.security.web.FilterChainProxy$VirtualFilterChain.doFilter(FilterChainProxy.java:374)
	at org.springframework.security.web.header.HeaderWriterFilter.doHeadersAfter(HeaderWriterFilter.java:90)
	at org.springframework.security.web.header.HeaderWriterFilter.doFilterInternal(HeaderWriterFilter.java:75)
	at org.springframework.web.filter.OncePerRequestFilter.doFilter(OncePerRequestFilter.java:116)
	at org.springframework.security.web.FilterChainProxy$VirtualFilterChain.doFilter(FilterChainProxy.java:374)
	at org.springframework.security.web.context.SecurityContextHolderFilter.doFilter(SecurityContextHolderFilter.java:82)
	at org.springframework.security.web.context.SecurityContextHolderFilter.doFilter(SecurityContextHolderFilter.java:69)
	at org.springframework.security.web.FilterChainProxy$VirtualFilterChain.doFilter(FilterChainProxy.java:374)
	at org.springframework.security.web.context.request.async.WebAsyncManagerIntegrationFilter.doFilterInternal(WebAsyncManagerIntegrationFilter.java:62)
	at org.springframework.web.filter.OncePerRequestFilter.doFilter(OncePerRequestFilter.java:116)
	at org.springframework.security.web.FilterChainProxy$VirtualFilterChain.doFilter(FilterChainProxy.java:374)
	at org.springframework.security.web.session.DisableEncodeUrlFilter.doFilterInternal(DisableEncodeUrlFilter.java:42)
	at org.springframework.web.filter.OncePerRequestFilter.doFilter(OncePerRequestFilter.java:116)
	at org.springframework.security.web.FilterChainProxy$VirtualFilterChain.doFilter(FilterChainProxy.java:374)
	at org.springframework.security.web.FilterChainProxy.doFilterInternal(FilterChainProxy.java:233)
	at org.springframework.security.web.FilterChainProxy.doFilter(FilterChainProxy.java:191)
	at org.springframework.web.filter.CompositeFilter$VirtualFilterChain.doFilter(CompositeFilter.java:113)
	at org.springframework.web.filter.ServletRequestPathFilter.doFilter(ServletRequestPathFilter.java:52)
	at org.springframework.web.filter.CompositeFilter$VirtualFilterChain.doFilter(CompositeFilter.java:113)
	at org.springframework.web.filter.CompositeFilter.doFilter(CompositeFilter.java:74)
	at org.springframework.security.config.annotation.web.configuration.WebSecurityConfiguration$CompositeFilterChainProxy.doFilter(WebSecurityConfiguration.java:319)
	at org.springframework.web.filter.CompositeFilter$VirtualFilterChain.doFilter(CompositeFilter.java:113)
	at org.springframework.web.servlet.handler.HandlerMappingIntrospector.lambda$createCacheFilter$4(HandlerMappingIntrospector.java:267)
	at org.springframework.web.filter.CompositeFilter$VirtualFilterChain.doFilter(CompositeFilter.java:113)
	at org.springframework.web.filter.CompositeFilter.doFilter(CompositeFilter.java:74)
	at org.springframework.security.config.annotation.web.configuration.WebMvcSecurityConfiguration$CompositeFilterChainProxy.doFilter(WebMvcSecurityConfiguration.java:240)
	at org.springframework.web.filter.DelegatingFilterProxy.invokeDelegate(DelegatingFilterProxy.java:362)
	at org.springframework.web.filter.DelegatingFilterProxy.doFilter(DelegatingFilterProxy.java:278)
	at org.apache.catalina.core.ApplicationFilterChain.internalDoFilter(ApplicationFilterChain.java:162)
	at org.apache.catalina.core.ApplicationFilterChain.doFilter(ApplicationFilterChain.java:138)
	at org.springframework.web.filter.RequestContextFilter.doFilterInternal(RequestContextFilter.java:100)
	at org.springframework.web.filter.OncePerRequestFilter.doFilter(OncePerRequestFilter.java:116)
	at org.apache.catalina.core.ApplicationFilterChain.internalDoFilter(ApplicationFilterChain.java:162)
	at org.apache.catalina.core.ApplicationFilterChain.doFilter(ApplicationFilterChain.java:138)
	at org.springframework.web.filter.FormContentFilter.doFilterInternal(FormContentFilter.java:93)
	at org.springframework.web.filter.OncePerRequestFilter.doFilter(OncePerRequestFilter.java:116)
	at org.apache.catalina.core.ApplicationFilterChain.internalDoFilter(ApplicationFilterChain.java:162)
	at org.apache.catalina.core.ApplicationFilterChain.doFilter(ApplicationFilterChain.java:138)
	at org.springframework.web.filter.CharacterEncodingFilter.doFilterInternal(CharacterEncodingFilter.java:201)
	at org.springframework.web.filter.OncePerRequestFilter.doFilter(OncePerRequestFilter.java:116)
	at org.apache.catalina.core.ApplicationFilterChain.internalDoFilter(ApplicationFilterChain.java:162)
	at org.apache.catalina.core.ApplicationFilterChain.doFilter(ApplicationFilterChain.java:138)
	at org.apache.catalina.core.StandardWrapperValve.invoke(StandardWrapperValve.java:165)
	at org.apache.catalina.core.StandardContextValve.invoke(StandardContextValve.java:88)
	at org.apache.catalina.authenticator.AuthenticatorBase.invoke(AuthenticatorBase.java:492)
	at org.apache.catalina.core.StandardHostValve.invoke(StandardHostValve.java:113)
	at org.apache.catalina.valves.ErrorReportValve.invoke(ErrorReportValve.java:83)
	at org.apache.catalina.core.StandardEngineValve.invoke(StandardEngineValve.java:72)
	at org.apache.catalina.valves.RemoteIpValve.invoke(RemoteIpValve.java:733)
	at org.apache.catalina.connector.CoyoteAdapter.service(CoyoteAdapter.java:342)
	at org.apache.coyote.http11.Http11Processor.service(Http11Processor.java:399)
	at org.apache.coyote.AbstractProcessorLight.process(AbstractProcessorLight.java:63)
	at org.apache.coyote.AbstractProtocol$ConnectionHandler.process(AbstractProtocol.java:903)
	at org.apache.tomcat.util.net.NioEndpoint$SocketProcessor.doRun(NioEndpoint.java:1775)
	at org.apache.tomcat.util.net.SocketProcessorBase.run(SocketProcessorBase.java:52)
	at org.apache.tomcat.util.threads.ThreadPoolExecutor.runWorker(ThreadPoolExecutor.java:973)
	at org.apache.tomcat.util.threads.ThreadPoolExecutor$Worker.run(ThreadPoolExecutor.java:491)
	at org.apache.tomcat.util.threads.TaskThread$WrappingRunnable.run(TaskThread.java:63)
	at java.base/java.lang.Thread.run(Thread.java:1583)
2026-08-19 12:22:01,376 ERROR o.a.c.c.C.[.[.[.[dispatcherServlet] [http-nio-8080-exec-8] Servlet.service() for servlet [dispatcherServlet] in context with path [] threw exception [Request processing failed: org.springframework.expression.spel.SpelEvaluationException: EL1007E: Property or field 'username' cannot be found on null] with root cause
org.springframework.expression.spel.SpelEvaluationException: EL1007E: Property or field 'username' cannot be found on null
	at org.springframework.expression.spel.ast.PropertyOrFieldReference.readProperty(PropertyOrFieldReference.java:225)
	at org.springframework.expression.spel.ast.PropertyOrFieldReference.getValueInternal(PropertyOrFieldReference.java:112)
	at org.springframework.expression.spel.ast.PropertyOrFieldReference$AccessorValueRef.getValue(PropertyOrFieldReference.java:376)
	at org.springframework.expression.spel.ast.CompoundExpression.getValueInternal(CompoundExpression.java:97)
	at org.springframework.expression.spel.ast.SpelNodeImpl.getValue(SpelNodeImpl.java:116)
	at org.springframework.expression.spel.standard.SpelExpression.getValue(SpelExpression.java:273)
	at org.springframework.cache.interceptor.CacheOperationExpressionEvaluator.key(CacheOperationExpressionEvaluator.java:106)
	at org.springframework.cache.interceptor.CacheAspectSupport$CacheOperationContext.generateKey(CacheAspectSupport.java:969)
	at org.springframework.cache.interceptor.CacheAspectSupport.generateKey(CacheAspectSupport.java:759)
	at org.springframework.cache.interceptor.CacheAspectSupport.performCacheEvicts(CacheAspectSupport.java:715)
	at org.springframework.cache.interceptor.CacheAspectSupport.processCacheEvicts(CacheAspectSupport.java:699)
	at org.springframework.cache.interceptor.CacheAspectSupport.evaluate(CacheAspectSupport.java:623)
	at org.springframework.cache.interceptor.CacheAspectSupport.execute(CacheAspectSupport.java:448)
	at org.springframework.cache.interceptor.CacheAspectSupport.execute(CacheAspectSupport.java:410)
	at org.springframework.cache.interceptor.CacheInterceptor.invoke(CacheInterceptor.java:65)
	at org.springframework.aop.framework.ReflectiveMethodInvocation.proceed(ReflectiveMethodInvocation.java:184)
	at org.springframework.aop.framework.CglibAopProxy$DynamicAdvisedInterceptor.intercept(CglibAopProxy.java:728)
	at com.vela.gramstore.service.UserService$$SpringCGLIB$$0.markVerified(<generated>)
	at com.vela.gramstore.service.AuthService.verify(AuthService.java:168)
	at java.base/jdk.internal.reflect.DirectMethodHandleAccessor.invoke(DirectMethodHandleAccessor.java:103)
	at java.base/java.lang.reflect.Method.invoke(Method.java:580)
	at org.springframework.aop.support.AopUtils.invokeJoinpointUsingReflection(AopUtils.java:360)
	at org.springframework.aop.framework.CglibAopProxy$DynamicAdvisedInterceptor.intercept(CglibAopProxy.java:724)
	at com.vela.gramstore.service.AuthService$$SpringCGLIB$$0.verify(<generated>)
	at com.vela.gramstore.controller.AuthController.verify(AuthController.java:55)
	at java.base/jdk.internal.reflect.DirectMethodHandleAccessor.invoke(DirectMethodHandleAccessor.java:103)
	at java.base/java.lang.reflect.Method.invoke(Method.java:580)
	at org.springframework.web.method.support.InvocableHandlerMethod.doInvoke(InvocableHandlerMethod.java:258)
	at org.springframework.web.method.support.InvocableHandlerMethod.invokeForRequest(InvocableHandlerMethod.java:191)
	at org.springframework.web.servlet.mvc.method.annotation.ServletInvocableHandlerMethod.invokeAndHandle(ServletInvocableHandlerMethod.java:118)
	at org.springframework.web.servlet.mvc.method.annotation.RequestMappingHandlerAdapter.invokeHandlerMethod(RequestMappingHandlerAdapter.java:991)
	at org.springframework.web.servlet.mvc.method.annotation.RequestMappingHandlerAdapter.handleInternal(RequestMappingHandlerAdapter.java:896)
	at org.springframework.web.servlet.mvc.method.AbstractHandlerMethodAdapter.handle(AbstractHandlerMethodAdapter.java:87)
	at org.springframework.web.servlet.DispatcherServlet.doDispatch(DispatcherServlet.java:1089)
	at org.springframework.web.servlet.DispatcherServlet.doService(DispatcherServlet.java:979)
	at org.springframework.web.servlet.FrameworkServlet.processRequest(FrameworkServlet.java:1014)
	at org.springframework.web.servlet.FrameworkServlet.doPost(FrameworkServlet.java:914)
	at jakarta.servlet.http.HttpServlet.service(HttpServlet.java:590)
	at org.springframework.web.servlet.FrameworkServlet.service(FrameworkServlet.java:885)
	at jakarta.servlet.http.HttpServlet.service(HttpServlet.java:658)
	at org.apache.catalina.core.ApplicationFilterChain.internalDoFilter(ApplicationFilterChain.java:193)
	at org.apache.catalina.core.ApplicationFilterChain.doFilter(ApplicationFilterChain.java:138)
	at org.apache.tomcat.websocket.server.WsFilter.doFilter(WsFilter.java:51)
	at org.apache.catalina.core.ApplicationFilterChain.internalDoFilter(ApplicationFilterChain.java:162)
	at org.apache.catalina.core.ApplicationFilterChain.doFilter(ApplicationFilterChain.java:138)
	at org.springframework.web.filter.OncePerRequestFilter.doFilter(OncePerRequestFilter.java:110)
	at org.apache.catalina.core.ApplicationFilterChain.internalDoFilter(ApplicationFilterChain.java:162)
	at org.apache.catalina.core.ApplicationFilterChain.doFilter(ApplicationFilterChain.java:138)
	at org.springframework.web.filter.OncePerRequestFilter.doFilter(OncePerRequestFilter.java:101)
	at org.apache.catalina.core.ApplicationFilterChain.internalDoFilter(ApplicationFilterChain.java:162)
	at org.apache.catalina.core.ApplicationFilterChain.doFilter(ApplicationFilterChain.java:138)
	at org.springframework.web.filter.CompositeFilter$VirtualFilterChain.doFilter(CompositeFilter.java:108)
	at org.springframework.web.filter.CompositeFilter$VirtualFilterChain.doFilter(CompositeFilter.java:108)
	at org.springframework.security.web.FilterChainProxy.lambda$doFilterInternal$3(FilterChainProxy.java:231)
	at org.springframework.security.web.FilterChainProxy$VirtualFilterChain.doFilter(FilterChainProxy.java:365)
	at org.springframework.security.web.access.intercept.AuthorizationFilter.doFilter(AuthorizationFilter.java:101)
	at org.springframework.security.web.FilterChainProxy$VirtualFilterChain.doFilter(FilterChainProxy.java:374)
	at org.springframework.security.web.access.ExceptionTranslationFilter.doFilter(ExceptionTranslationFilter.java:125)
	at org.springframework.security.web.access.ExceptionTranslationFilter.doFilter(ExceptionTranslationFilter.java:119)
	at org.springframework.security.web.FilterChainProxy$VirtualFilterChain.doFilter(FilterChainProxy.java:374)
	at org.springframework.security.web.session.SessionManagementFilter.doFilter(SessionManagementFilter.java:131)
	at org.springframework.security.web.session.SessionManagementFilter.doFilter(SessionManagementFilter.java:85)
	at org.springframework.security.web.FilterChainProxy$VirtualFilterChain.doFilter(FilterChainProxy.java:374)
	at org.springframework.security.web.authentication.AnonymousAuthenticationFilter.doFilter(AnonymousAuthenticationFilter.java:100)
	at org.springframework.security.web.FilterChainProxy$VirtualFilterChain.doFilter(FilterChainProxy.java:374)
	at org.springframework.security.web.servletapi.SecurityContextHolderAwareRequestFilter.doFilter(SecurityContextHolderAwareRequestFilter.java:179)
	at org.springframework.security.web.FilterChainProxy$VirtualFilterChain.doFilter(FilterChainProxy.java:374)
	at org.springframework.security.web.savedrequest.RequestCacheAwareFilter.doFilter(RequestCacheAwareFilter.java:63)
	at org.springframework.security.web.FilterChainProxy$VirtualFilterChain.doFilter(FilterChainProxy.java:374)
	at org.springframework.web.filter.OncePerRequestFilter.doFilter(OncePerRequestFilter.java:101)
	at org.springframework.security.web.FilterChainProxy$VirtualFilterChain.doFilter(FilterChainProxy.java:374)
	at org.springframework.web.filter.OncePerRequestFilter.doFilter(OncePerRequestFilter.java:110)
	at org.springframework.security.web.FilterChainProxy$VirtualFilterChain.doFilter(FilterChainProxy.java:374)
	at com.vela.gramstore.security.filter.AuthFilter.doFilterInternal(AuthFilter.java:47)
	at org.springframework.web.filter.OncePerRequestFilter.doFilter(OncePerRequestFilter.java:116)
	at org.springframework.security.web.FilterChainProxy$VirtualFilterChain.doFilter(FilterChainProxy.java:374)
	at org.springframework.security.web.authentication.logout.LogoutFilter.doFilter(LogoutFilter.java:107)
	at org.springframework.security.web.authentication.logout.LogoutFilter.doFilter(LogoutFilter.java:93)
	at org.springframework.security.web.FilterChainProxy$VirtualFilterChain.doFilter(FilterChainProxy.java:374)
	at org.springframework.web.filter.CorsFilter.doFilterInternal(CorsFilter.java:91)
	at org.springframework.web.filter.OncePerRequestFilter.doFilter(OncePerRequestFilter.java:116)
	at org.springframework.security.web.FilterChainProxy$VirtualFilterChain.doFilter(FilterChainProxy.java:374)
	at org.springframework.security.web.header.HeaderWriterFilter.doHeadersAfter(HeaderWriterFilter.java:90)
	at org.springframework.security.web.header.HeaderWriterFilter.doFilterInternal(HeaderWriterFilter.java:75)
	at org.springframework.web.filter.OncePerRequestFilter.doFilter(OncePerRequestFilter.java:116)
	at org.springframework.security.web.FilterChainProxy$VirtualFilterChain.doFilter(FilterChainProxy.java:374)
	at org.springframework.security.web.context.SecurityContextHolderFilter.doFilter(SecurityContextHolderFilter.java:82)
	at org.springframework.security.web.context.SecurityContextHolderFilter.doFilter(SecurityContextHolderFilter.java:69)
	at org.springframework.security.web.FilterChainProxy$VirtualFilterChain.doFilter(FilterChainProxy.java:374)
	at org.springframework.security.web.context.request.async.WebAsyncManagerIntegrationFilter.doFilterInternal(WebAsyncManagerIntegrationFilter.java:62)
	at org.springframework.web.filter.OncePerRequestFilter.doFilter(OncePerRequestFilter.java:116)
	at org.springframework.security.web.FilterChainProxy$VirtualFilterChain.doFilter(FilterChainProxy.java:374)
	at org.springframework.security.web.session.DisableEncodeUrlFilter.doFilterInternal(DisableEncodeUrlFilter.java:42)
	at org.springframework.web.filter.OncePerRequestFilter.doFilter(OncePerRequestFilter.java:116)
	at org.springframework.security.web.FilterChainProxy$VirtualFilterChain.doFilter(FilterChainProxy.java:374)
	at org.springframework.security.web.FilterChainProxy.doFilterInternal(FilterChainProxy.java:233)
	at org.springframework.security.web.FilterChainProxy.doFilter(FilterChainProxy.java:191)
	at org.springframework.web.filter.CompositeFilter$VirtualFilterChain.doFilter(CompositeFilter.java:113)
	at org.springframework.web.filter.ServletRequestPathFilter.doFilter(ServletRequestPathFilter.java:52)
	at org.springframework.web.filter.CompositeFilter$VirtualFilterChain.doFilter(CompositeFilter.java:113)
	at org.springframework.web.filter.CompositeFilter.doFilter(CompositeFilter.java:74)
	at org.springframework.security.config.annotation.web.configuration.WebSecurityConfiguration$CompositeFilterChainProxy.doFilter(WebSecurityConfiguration.java:319)
	at org.springframework.web.filter.CompositeFilter$VirtualFilterChain.doFilter(CompositeFilter.java:113)
	at org.springframework.web.servlet.handler.HandlerMappingIntrospector.lambda$createCacheFilter$4(HandlerMappingIntrospector.java:267)
	at org.springframework.web.filter.CompositeFilter$VirtualFilterChain.doFilter(CompositeFilter.java:113)
	at org.springframework.web.filter.CompositeFilter.doFilter(CompositeFilter.java:74)
	at org.springframework.security.config.annotation.web.configuration.WebMvcSecurityConfiguration$CompositeFilterChainProxy.doFilter(WebMvcSecurityConfiguration.java:240)
	at org.springframework.web.filter.DelegatingFilterProxy.invokeDelegate(DelegatingFilterProxy.java:362)
	at org.springframework.web.filter.DelegatingFilterProxy.doFilter(DelegatingFilterProxy.java:278)
	at org.apache.catalina.core.ApplicationFilterChain.internalDoFilter(ApplicationFilterChain.java:162)
	at org.apache.catalina.core.ApplicationFilterChain.doFilter(ApplicationFilterChain.java:138)
	at org.springframework.web.filter.RequestContextFilter.doFilterInternal(RequestContextFilter.java:100)
	at org.springframework.web.filter.OncePerRequestFilter.doFilter(OncePerRequestFilter.java:116)
	at org.apache.catalina.core.ApplicationFilterChain.internalDoFilter(ApplicationFilterChain.java:162)
	at org.apache.catalina.core.ApplicationFilterChain.doFilter(ApplicationFilterChain.java:138)
	at org.springframework.web.filter.FormContentFilter.doFilterInternal(FormContentFilter.java:93)
	at org.springframework.web.filter.OncePerRequestFilter.doFilter(OncePerRequestFilter.java:116)
	at org.apache.catalina.core.ApplicationFilterChain.internalDoFilter(ApplicationFilterChain.java:162)
	at org.apache.catalina.core.ApplicationFilterChain.doFilter(ApplicationFilterChain.java:138)
	at org.springframework.web.filter.CharacterEncodingFilter.doFilterInternal(CharacterEncodingFilter.java:201)
	at org.springframework.web.filter.OncePerRequestFilter.doFilter(OncePerRequestFilter.java:116)
	at org.apache.catalina.core.ApplicationFilterChain.internalDoFilter(ApplicationFilterChain.java:162)
	at org.apache.catalina.core.ApplicationFilterChain.doFilter(ApplicationFilterChain.java:138)
	at org.apache.catalina.core.StandardWrapperValve.invoke(StandardWrapperValve.java:165)
	at org.apache.catalina.core.StandardContextValve.invoke(StandardContextValve.java:88)
	at org.apache.catalina.authenticator.AuthenticatorBase.invoke(AuthenticatorBase.java:492)
	at org.apache.catalina.core.StandardHostValve.invoke(StandardHostValve.java:113)
	at org.apache.catalina.valves.ErrorReportValve.invoke(ErrorReportValve.java:83)
	at org.apache.catalina.core.StandardEngineValve.invoke(StandardEngineValve.java:72)
	at org.apache.catalina.valves.RemoteIpValve.invoke(RemoteIpValve.java:733)
	at org.apache.catalina.connector.CoyoteAdapter.service(CoyoteAdapter.java:342)
	at org.apache.coyote.http11.Http11Processor.service(Http11Processor.java:399)
	at org.apache.coyote.AbstractProcessorLight.process(AbstractProcessorLight.java:63)
	at org.apache.coyote.AbstractProtocol$ConnectionHandler.process(AbstractProtocol.java:903)
	at org.apache.tomcat.util.net.NioEndpoint$SocketProcessor.doRun(NioEndpoint.java:1775)
	at org.apache.tomcat.util.net.SocketProcessorBase.run(SocketProcessorBase.java:52)
	at org.apache.tomcat.util.threads.ThreadPoolExecutor.runWorker(ThreadPoolExecutor.java:973)
	at org.apache.tomcat.util.threads.ThreadPoolExecutor$Worker.run(ThreadPoolExecutor.java:491)
	at org.apache.tomcat.util.threads.TaskThread$WrappingRunnable.run(TaskThread.java:63)
	at java.base/java.lang.Thread.run(Thread.java:1583)
2026-08-19 12:22:01,399 INFO c.v.g.w.SessionWebSocketHandler [http-nio-8080-exec-9] WebSocket disconnected: e607bec7-d224-6f77-959f-35f4339f6109 with status: null
2026-08-19 12:22:03,761 INFO c.v.g.w.SessionWebSocketHandler [http-nio-8080-exec-1] WebSocket Connected: 2c6279f7-560d-64e9-57bb-2865bb68b0b6
2026-08-19 12:22:08,356 INFO c.v.g.w.SessionWebSocketHandler [http-nio-8080-exec-5] WebSocket disconnected: 2c6279f7-560d-64e9-57bb-2865bb68b0b6 with status: null
2026-08-19 12:22:08,595 INFO c.v.g.w.SessionWebSocketHandler [http-nio-8080-exec-6] WebSocket Connected: 664088a5-10e6-7340-1d74-4239486b20aa
2026-08-19 12:22:33,642 INFO c.v.g.w.SessionWebSocketHandler [http-nio-8080-exec-9] WebSocket disconnected: 664088a5-10e6-7340-1d74-4239486b20aa with status: null
2026-08-19 12:22:33,815 INFO c.v.g.w.SessionWebSocketHandler [http-nio-8080-exec-1] WebSocket Connected: fb612aa1-12ad-8e2a-2bd7-090a66109f0c
2026-08-19 12:22:39,736 INFO c.v.g.w.SessionWebSocketHandler [http-nio-8080-exec-2] WebSocket disconnected: fb612aa1-12ad-8e2a-2bd7-090a66109f0c with status: null
2026-08-19 12:22:39,981 INFO c.v.g.w.SessionWebSocketHandler [http-nio-8080-exec-4] WebSocket Connected: b95c3c3d-0aa1-e1fa-cbd5-b123375c5749
2026-08-19 12:23:05,138 INFO c.v.g.w.SessionWebSocketHandler [http-nio-8080-exec-8] WebSocket disconnected: b95c3c3d-0aa1-e1fa-cbd5-b123375c5749 with status: null
2026-08-19 12:23:05,363 INFO c.v.g.w.SessionWebSocketHandler [http-nio-8080-exec-10] WebSocket Connected: e495bb67-c746-4035-8336-75c997587c37
2026-08-19 12:23:31,118 INFO c.v.g.w.SessionWebSocketHandler [http-nio-8080-exec-4] WebSocket disconnected: e495bb67-c746-4035-8336-75c997587c37 with status: null
2026-08-19 12:23:31,309 INFO c.v.g.w.SessionWebSocketHandler [http-nio-8080-exec-6] WebSocket Connected: 9238684e-fbc2-d917-89e5-237f7f8eac24
2026-08-19 12:23:38,827 INFO c.v.g.w.SessionWebSocketHandler [http-nio-8080-exec-1] WebSocket disconnected: 9238684e-fbc2-d917-89e5-237f7f8eac24 with status: null
2026-08-19 12:23:39,067 INFO c.v.g.w.SessionWebSocketHandler [http-nio-8080-exec-3] WebSocket Connected: 36bd5fca-428c-4396-7658-501cae31c9c8
2026-08-19 12:23:41,181 ERROR o.a.c.c.C.[.[.[.[dispatcherServlet] [http-nio-8080-exec-5] Servlet.service() for servlet [dispatcherServlet] in context with path [] threw exception [Request processing failed: org.springframework.expression.spel.SpelEvaluationException: EL1007E: Property or field 'username' cannot be found on null] with root cause
org.springframework.expression.spel.SpelEvaluationException: EL1007E: Property or field 'username' cannot be found on null
	at org.springframework.expression.spel.ast.PropertyOrFieldReference.readProperty(PropertyOrFieldReference.java:225)
	at org.springframework.expression.spel.ast.PropertyOrFieldReference.getValueInternal(PropertyOrFieldReference.java:112)
	at org.springframework.expression.spel.ast.PropertyOrFieldReference$AccessorValueRef.getValue(PropertyOrFieldReference.java:376)
	at org.springframework.expression.spel.ast.CompoundExpression.getValueInternal(CompoundExpression.java:97)
	at org.springframework.expression.spel.ast.SpelNodeImpl.getValue(SpelNodeImpl.java:116)
	at org.springframework.expression.spel.standard.SpelExpression.getValue(SpelExpression.java:273)
	at org.springframework.cache.interceptor.CacheOperationExpressionEvaluator.key(CacheOperationExpressionEvaluator.java:106)
	at org.springframework.cache.interceptor.CacheAspectSupport$CacheOperationContext.generateKey(CacheAspectSupport.java:969)
	at org.springframework.cache.interceptor.CacheAspectSupport.generateKey(CacheAspectSupport.java:759)
	at org.springframework.cache.interceptor.CacheAspectSupport.performCacheEvicts(CacheAspectSupport.java:715)
	at org.springframework.cache.interceptor.CacheAspectSupport.processCacheEvicts(CacheAspectSupport.java:699)
	at org.springframework.cache.interceptor.CacheAspectSupport.evaluate(CacheAspectSupport.java:623)
	at org.springframework.cache.interceptor.CacheAspectSupport.execute(CacheAspectSupport.java:448)
	at org.springframework.cache.interceptor.CacheAspectSupport.execute(CacheAspectSupport.java:410)
	at org.springframework.cache.interceptor.CacheInterceptor.invoke(CacheInterceptor.java:65)
	at org.springframework.aop.framework.ReflectiveMethodInvocation.proceed(ReflectiveMethodInvocation.java:184)
	at org.springframework.aop.framework.CglibAopProxy$DynamicAdvisedInterceptor.intercept(CglibAopProxy.java:728)
	at com.vela.gramstore.service.UserService$$SpringCGLIB$$0.markVerified(<generated>)
	at com.vela.gramstore.service.AuthService.verify(AuthService.java:168)
	at java.base/jdk.internal.reflect.DirectMethodHandleAccessor.invoke(DirectMethodHandleAccessor.java:103)
	at java.base/java.lang.reflect.Method.invoke(Method.java:580)
	at org.springframework.aop.support.AopUtils.invokeJoinpointUsingReflection(AopUtils.java:360)
	at org.springframework.aop.framework.CglibAopProxy$DynamicAdvisedInterceptor.intercept(CglibAopProxy.java:724)
	at com.vela.gramstore.service.AuthService$$SpringCGLIB$$0.verify(<generated>)
	at com.vela.gramstore.controller.AuthController.verify(AuthController.java:55)
	at java.base/jdk.internal.reflect.DirectMethodHandleAccessor.invoke(DirectMethodHandleAccessor.java:103)
	at java.base/java.lang.reflect.Method.invoke(Method.java:580)
	at org.springframework.web.method.support.InvocableHandlerMethod.doInvoke(InvocableHandlerMethod.java:258)
	at org.springframework.web.method.support.InvocableHandlerMethod.invokeForRequest(InvocableHandlerMethod.java:191)
	at org.springframework.web.servlet.mvc.method.annotation.ServletInvocableHandlerMethod.invokeAndHandle(ServletInvocableHandlerMethod.java:118)
	at org.springframework.web.servlet.mvc.method.annotation.RequestMappingHandlerAdapter.invokeHandlerMethod(RequestMappingHandlerAdapter.java:991)
	at org.springframework.web.servlet.mvc.method.annotation.RequestMappingHandlerAdapter.handleInternal(RequestMappingHandlerAdapter.java:896)
	at org.springframework.web.servlet.mvc.method.AbstractHandlerMethodAdapter.handle(AbstractHandlerMethodAdapter.java:87)
	at org.springframework.web.servlet.DispatcherServlet.doDispatch(DispatcherServlet.java:1089)
	at org.springframework.web.servlet.DispatcherServlet.doService(DispatcherServlet.java:979)
	at org.springframework.web.servlet.FrameworkServlet.processRequest(FrameworkServlet.java:1014)
	at org.springframework.web.servlet.FrameworkServlet.doPost(FrameworkServlet.java:914)
	at jakarta.servlet.http.HttpServlet.service(HttpServlet.java:590)
	at org.springframework.web.servlet.FrameworkServlet.service(FrameworkServlet.java:885)
	at jakarta.servlet.http.HttpServlet.service(HttpServlet.java:658)
	at org.apache.catalina.core.ApplicationFilterChain.internalDoFilter(ApplicationFilterChain.java:193)
	at org.apache.catalina.core.ApplicationFilterChain.doFilter(ApplicationFilterChain.java:138)
	at org.apache.tomcat.websocket.server.WsFilter.doFilter(WsFilter.java:51)
	at org.apache.catalina.core.ApplicationFilterChain.internalDoFilter(ApplicationFilterChain.java:162)
	at org.apache.catalina.core.ApplicationFilterChain.doFilter(ApplicationFilterChain.java:138)
	at org.springframework.web.filter.OncePerRequestFilter.doFilter(OncePerRequestFilter.java:110)
	at org.apache.catalina.core.ApplicationFilterChain.internalDoFilter(ApplicationFilterChain.java:162)
	at org.apache.catalina.core.ApplicationFilterChain.doFilter(ApplicationFilterChain.java:138)
	at org.springframework.web.filter.OncePerRequestFilter.doFilter(OncePerRequestFilter.java:101)
	at org.apache.catalina.core.ApplicationFilterChain.internalDoFilter(ApplicationFilterChain.java:162)
	at org.apache.catalina.core.ApplicationFilterChain.doFilter(ApplicationFilterChain.java:138)
	at org.springframework.web.filter.CompositeFilter$VirtualFilterChain.doFilter(CompositeFilter.java:108)
	at org.springframework.web.filter.CompositeFilter$VirtualFilterChain.doFilter(CompositeFilter.java:108)
	at org.springframework.security.web.FilterChainProxy.lambda$doFilterInternal$3(FilterChainProxy.java:231)
	at org.springframework.security.web.FilterChainProxy$VirtualFilterChain.doFilter(FilterChainProxy.java:365)
	at org.springframework.security.web.access.intercept.AuthorizationFilter.doFilter(AuthorizationFilter.java:101)
	at org.springframework.security.web.FilterChainProxy$VirtualFilterChain.doFilter(FilterChainProxy.java:374)
	at org.springframework.security.web.access.ExceptionTranslationFilter.doFilter(ExceptionTranslationFilter.java:125)
	at org.springframework.security.web.access.ExceptionTranslationFilter.doFilter(ExceptionTranslationFilter.java:119)
	at org.springframework.security.web.FilterChainProxy$VirtualFilterChain.doFilter(FilterChainProxy.java:374)
	at org.springframework.security.web.session.SessionManagementFilter.doFilter(SessionManagementFilter.java:131)
	at org.springframework.security.web.session.SessionManagementFilter.doFilter(SessionManagementFilter.java:85)
	at org.springframework.security.web.FilterChainProxy$VirtualFilterChain.doFilter(FilterChainProxy.java:374)
	at org.springframework.security.web.authentication.AnonymousAuthenticationFilter.doFilter(AnonymousAuthenticationFilter.java:100)
	at org.springframework.security.web.FilterChainProxy$VirtualFilterChain.doFilter(FilterChainProxy.java:374)
	at org.springframework.security.web.servletapi.SecurityContextHolderAwareRequestFilter.doFilter(SecurityContextHolderAwareRequestFilter.java:179)
	at org.springframework.security.web.FilterChainProxy$VirtualFilterChain.doFilter(FilterChainProxy.java:374)
	at org.springframework.security.web.savedrequest.RequestCacheAwareFilter.doFilter(RequestCacheAwareFilter.java:63)
	at org.springframework.security.web.FilterChainProxy$VirtualFilterChain.doFilter(FilterChainProxy.java:374)
	at org.springframework.web.filter.OncePerRequestFilter.doFilter(OncePerRequestFilter.java:101)
	at org.springframework.security.web.FilterChainProxy$VirtualFilterChain.doFilter(FilterChainProxy.java:374)
	at org.springframework.web.filter.OncePerRequestFilter.doFilter(OncePerRequestFilter.java:110)
	at org.springframework.security.web.FilterChainProxy$VirtualFilterChain.doFilter(FilterChainProxy.java:374)
	at com.vela.gramstore.security.filter.AuthFilter.doFilterInternal(AuthFilter.java:47)
	at org.springframework.web.filter.OncePerRequestFilter.doFilter(OncePerRequestFilter.java:116)
	at org.springframework.security.web.FilterChainProxy$VirtualFilterChain.doFilter(FilterChainProxy.java:374)
	at org.springframework.security.web.authentication.logout.LogoutFilter.doFilter(LogoutFilter.java:107)
	at org.springframework.security.web.authentication.logout.LogoutFilter.doFilter(LogoutFilter.java:93)
	at org.springframework.security.web.FilterChainProxy$VirtualFilterChain.doFilter(FilterChainProxy.java:374)
	at org.springframework.web.filter.CorsFilter.doFilterInternal(CorsFilter.java:91)
	at org.springframework.web.filter.OncePerRequestFilter.doFilter(OncePerRequestFilter.java:116)
	at org.springframework.security.web.FilterChainProxy$VirtualFilterChain.doFilter(FilterChainProxy.java:374)
	at org.springframework.security.web.header.HeaderWriterFilter.doHeadersAfter(HeaderWriterFilter.java:90)
	at org.springframework.security.web.header.HeaderWriterFilter.doFilterInternal(HeaderWriterFilter.java:75)
	at org.springframework.web.filter.OncePerRequestFilter.doFilter(OncePerRequestFilter.java:116)
	at org.springframework.security.web.FilterChainProxy$VirtualFilterChain.doFilter(FilterChainProxy.java:374)
	at org.springframework.security.web.context.SecurityContextHolderFilter.doFilter(SecurityContextHolderFilter.java:82)
	at org.springframework.security.web.context.SecurityContextHolderFilter.doFilter(SecurityContextHolderFilter.java:69)
	at org.springframework.security.web.FilterChainProxy$VirtualFilterChain.doFilter(FilterChainProxy.java:374)
	at org.springframework.security.web.context.request.async.WebAsyncManagerIntegrationFilter.doFilterInternal(WebAsyncManagerIntegrationFilter.java:62)
	at org.springframework.web.filter.OncePerRequestFilter.doFilter(OncePerRequestFilter.java:116)
	at org.springframework.security.web.FilterChainProxy$VirtualFilterChain.doFilter(FilterChainProxy.java:374)
	at org.springframework.security.web.session.DisableEncodeUrlFilter.doFilterInternal(DisableEncodeUrlFilter.java:42)
	at org.springframework.web.filter.OncePerRequestFilter.doFilter(OncePerRequestFilter.java:116)
	at org.springframework.security.web.FilterChainProxy$VirtualFilterChain.doFilter(FilterChainProxy.java:374)
	at org.springframework.security.web.FilterChainProxy.doFilterInternal(FilterChainProxy.java:233)
	at org.springframework.security.web.FilterChainProxy.doFilter(FilterChainProxy.java:191)
	at org.springframework.web.filter.CompositeFilter$VirtualFilterChain.doFilter(CompositeFilter.java:113)
	at org.springframework.web.filter.ServletRequestPathFilter.doFilter(ServletRequestPathFilter.java:52)
	at org.springframework.web.filter.CompositeFilter$VirtualFilterChain.doFilter(CompositeFilter.java:113)
	at org.springframework.web.filter.CompositeFilter.doFilter(CompositeFilter.java:74)
	at org.springframework.security.config.annotation.web.configuration.WebSecurityConfiguration$CompositeFilterChainProxy.doFilter(WebSecurityConfiguration.java:319)
	at org.springframework.web.filter.CompositeFilter$VirtualFilterChain.doFilter(CompositeFilter.java:113)
	at org.springframework.web.servlet.handler.HandlerMappingIntrospector.lambda$createCacheFilter$4(HandlerMappingIntrospector.java:267)
	at org.springframework.web.filter.CompositeFilter$VirtualFilterChain.doFilter(CompositeFilter.java:113)
	at org.springframework.web.filter.CompositeFilter.doFilter(CompositeFilter.java:74)
	at org.springframework.security.config.annotation.web.configuration.WebMvcSecurityConfiguration$CompositeFilterChainProxy.doFilter(WebMvcSecurityConfiguration.java:240)
	at org.springframework.web.filter.DelegatingFilterProxy.invokeDelegate(DelegatingFilterProxy.java:362)
	at org.springframework.web.filter.DelegatingFilterProxy.doFilter(DelegatingFilterProxy.java:278)
	at org.apache.catalina.core.ApplicationFilterChain.internalDoFilter(ApplicationFilterChain.java:162)
	at org.apache.catalina.core.ApplicationFilterChain.doFilter(ApplicationFilterChain.java:138)
	at org.springframework.web.filter.RequestContextFilter.doFilterInternal(RequestContextFilter.java:100)
	at org.springframework.web.filter.OncePerRequestFilter.doFilter(OncePerRequestFilter.java:116)
	at org.apache.catalina.core.ApplicationFilterChain.internalDoFilter(ApplicationFilterChain.java:162)
	at org.apache.catalina.core.ApplicationFilterChain.doFilter(ApplicationFilterChain.java:138)
	at org.springframework.web.filter.FormContentFilter.doFilterInternal(FormContentFilter.java:93)
	at org.springframework.web.filter.OncePerRequestFilter.doFilter(OncePerRequestFilter.java:116)
	at org.apache.catalina.core.ApplicationFilterChain.internalDoFilter(ApplicationFilterChain.java:162)
	at org.apache.catalina.core.ApplicationFilterChain.doFilter(ApplicationFilterChain.java:138)
	at org.springframework.web.filter.CharacterEncodingFilter.doFilterInternal(CharacterEncodingFilter.java:201)
	at org.springframework.web.filter.OncePerRequestFilter.doFilter(OncePerRequestFilter.java:116)
	at org.apache.catalina.core.ApplicationFilterChain.internalDoFilter(ApplicationFilterChain.java:162)
	at org.apache.catalina.core.ApplicationFilterChain.doFilter(ApplicationFilterChain.java:138)
	at org.apache.catalina.core.StandardWrapperValve.invoke(StandardWrapperValve.java:165)
	at org.apache.catalina.core.StandardContextValve.invoke(StandardContextValve.java:88)
	at org.apache.catalina.authenticator.AuthenticatorBase.invoke(AuthenticatorBase.java:492)
	at org.apache.catalina.core.StandardHostValve.invoke(StandardHostValve.java:113)
	at org.apache.catalina.valves.ErrorReportValve.invoke(ErrorReportValve.java:83)
	at org.apache.catalina.core.StandardEngineValve.invoke(StandardEngineValve.java:72)
	at org.apache.catalina.valves.RemoteIpValve.invoke(RemoteIpValve.java:733)
	at org.apache.catalina.connector.CoyoteAdapter.service(CoyoteAdapter.java:342)
	at org.apache.coyote.http11.Http11Processor.service(Http11Processor.java:399)
	at org.apache.coyote.AbstractProcessorLight.process(AbstractProcessorLight.java:63)
	at org.apache.coyote.AbstractProtocol$ConnectionHandler.process(AbstractProtocol.java:903)
	at org.apache.tomcat.util.net.NioEndpoint$SocketProcessor.doRun(NioEndpoint.java:1775)
	at org.apache.tomcat.util.net.SocketProcessorBase.run(SocketProcessorBase.java:52)
	at org.apache.tomcat.util.threads.ThreadPoolExecutor.runWorker(ThreadPoolExecutor.java:973)
	at org.apache.tomcat.util.threads.ThreadPoolExecutor$Worker.run(ThreadPoolExecutor.java:491)
	at org.apache.tomcat.util.threads.TaskThread$WrappingRunnable.run(TaskThread.java:63)
	at java.base/java.lang.Thread.run(Thread.java:1583)
2026-08-19 12:23:41,768 ERROR o.a.c.c.C.[.[.[.[dispatcherServlet] [http-nio-8080-exec-7] Servlet.service() for servlet [dispatcherServlet] in context with path [] threw exception [Request processing failed: org.springframework.expression.spel.SpelEvaluationException: EL1007E: Property or field 'username' cannot be found on null] with root cause
org.springframework.expression.spel.SpelEvaluationException: EL1007E: Property or field 'username' cannot be found on null
	at org.springframework.expression.spel.ast.PropertyOrFieldReference.readProperty(PropertyOrFieldReference.java:225)
	at org.springframework.expression.spel.ast.PropertyOrFieldReference.getValueInternal(PropertyOrFieldReference.java:112)
	at org.springframework.expression.spel.ast.PropertyOrFieldReference$AccessorValueRef.getValue(PropertyOrFieldReference.java:376)
	at org.springframework.expression.spel.ast.CompoundExpression.getValueInternal(CompoundExpression.java:97)
	at org.springframework.expression.spel.ast.SpelNodeImpl.getValue(SpelNodeImpl.java:116)
	at org.springframework.expression.spel.standard.SpelExpression.getValue(SpelExpression.java:273)
	at org.springframework.cache.interceptor.CacheOperationExpressionEvaluator.key(CacheOperationExpressionEvaluator.java:106)
	at org.springframework.cache.interceptor.CacheAspectSupport$CacheOperationContext.generateKey(CacheAspectSupport.java:969)
	at org.springframework.cache.interceptor.CacheAspectSupport.generateKey(CacheAspectSupport.java:759)
	at org.springframework.cache.interceptor.CacheAspectSupport.performCacheEvicts(CacheAspectSupport.java:715)
	at org.springframework.cache.interceptor.CacheAspectSupport.processCacheEvicts(CacheAspectSupport.java:699)
	at org.springframework.cache.interceptor.CacheAspectSupport.evaluate(CacheAspectSupport.java:623)
	at org.springframework.cache.interceptor.CacheAspectSupport.execute(CacheAspectSupport.java:448)
	at org.springframework.cache.interceptor.CacheAspectSupport.execute(CacheAspectSupport.java:410)
	at org.springframework.cache.interceptor.CacheInterceptor.invoke(CacheInterceptor.java:65)
	at org.springframework.aop.framework.ReflectiveMethodInvocation.proceed(ReflectiveMethodInvocation.java:184)
	at org.springframework.aop.framework.CglibAopProxy$DynamicAdvisedInterceptor.intercept(CglibAopProxy.java:728)
	at com.vela.gramstore.service.UserService$$SpringCGLIB$$0.markVerified(<generated>)
	at com.vela.gramstore.service.AuthService.verify(AuthService.java:168)
	at java.base/jdk.internal.reflect.DirectMethodHandleAccessor.invoke(DirectMethodHandleAccessor.java:103)
	at java.base/java.lang.reflect.Method.invoke(Method.java:580)
	at org.springframework.aop.support.AopUtils.invokeJoinpointUsingReflection(AopUtils.java:360)
	at org.springframework.aop.framework.CglibAopProxy$DynamicAdvisedInterceptor.intercept(CglibAopProxy.java:724)
	at com.vela.gramstore.service.AuthService$$SpringCGLIB$$0.verify(<generated>)
	at com.vela.gramstore.controller.AuthController.verify(AuthController.java:55)
	at java.base/jdk.internal.reflect.DirectMethodHandleAccessor.invoke(DirectMethodHandleAccessor.java:103)
	at java.base/java.lang.reflect.Method.invoke(Method.java:580)
	at org.springframework.web.method.support.InvocableHandlerMethod.doInvoke(InvocableHandlerMethod.java:258)
	at org.springframework.web.method.support.InvocableHandlerMethod.invokeForRequest(InvocableHandlerMethod.java:191)
	at org.springframework.web.servlet.mvc.method.annotation.ServletInvocableHandlerMethod.invokeAndHandle(ServletInvocableHandlerMethod.java:118)
	at org.springframework.web.servlet.mvc.method.annotation.RequestMappingHandlerAdapter.invokeHandlerMethod(RequestMappingHandlerAdapter.java:991)
	at org.springframework.web.servlet.mvc.method.annotation.RequestMappingHandlerAdapter.handleInternal(RequestMappingHandlerAdapter.java:896)
	at org.springframework.web.servlet.mvc.method.AbstractHandlerMethodAdapter.handle(AbstractHandlerMethodAdapter.java:87)
	at org.springframework.web.servlet.DispatcherServlet.doDispatch(DispatcherServlet.java:1089)
	at org.springframework.web.servlet.DispatcherServlet.doService(DispatcherServlet.java:979)
	at org.springframework.web.servlet.FrameworkServlet.processRequest(FrameworkServlet.java:1014)
	at org.springframework.web.servlet.FrameworkServlet.doPost(FrameworkServlet.java:914)
	at jakarta.servlet.http.HttpServlet.service(HttpServlet.java:590)
	at org.springframework.web.servlet.FrameworkServlet.service(FrameworkServlet.java:885)
	at jakarta.servlet.http.HttpServlet.service(HttpServlet.java:658)
	at org.apache.catalina.core.ApplicationFilterChain.internalDoFilter(ApplicationFilterChain.java:193)
	at org.apache.catalina.core.ApplicationFilterChain.doFilter(ApplicationFilterChain.java:138)
	at org.apache.tomcat.websocket.server.WsFilter.doFilter(WsFilter.java:51)
	at org.apache.catalina.core.ApplicationFilterChain.internalDoFilter(ApplicationFilterChain.java:162)
	at org.apache.catalina.core.ApplicationFilterChain.doFilter(ApplicationFilterChain.java:138)
	at org.springframework.web.filter.OncePerRequestFilter.doFilter(OncePerRequestFilter.java:110)
	at org.apache.catalina.core.ApplicationFilterChain.internalDoFilter(ApplicationFilterChain.java:162)
	at org.apache.catalina.core.ApplicationFilterChain.doFilter(ApplicationFilterChain.java:138)
	at org.springframework.web.filter.OncePerRequestFilter.doFilter(OncePerRequestFilter.java:101)
	at org.apache.catalina.core.ApplicationFilterChain.internalDoFilter(ApplicationFilterChain.java:162)
	at org.apache.catalina.core.ApplicationFilterChain.doFilter(ApplicationFilterChain.java:138)
	at org.springframework.web.filter.CompositeFilter$VirtualFilterChain.doFilter(CompositeFilter.java:108)
	at org.springframework.web.filter.CompositeFilter$VirtualFilterChain.doFilter(CompositeFilter.java:108)
	at org.springframework.security.web.FilterChainProxy.lambda$doFilterInternal$3(FilterChainProxy.java:231)
	at org.springframework.security.web.FilterChainProxy$VirtualFilterChain.doFilter(FilterChainProxy.java:365)
	at org.springframework.security.web.access.intercept.AuthorizationFilter.doFilter(AuthorizationFilter.java:101)
	at org.springframework.security.web.FilterChainProxy$VirtualFilterChain.doFilter(FilterChainProxy.java:374)
	at org.springframework.security.web.access.ExceptionTranslationFilter.doFilter(ExceptionTranslationFilter.java:125)
	at org.springframework.security.web.access.ExceptionTranslationFilter.doFilter(ExceptionTranslationFilter.java:119)
	at org.springframework.security.web.FilterChainProxy$VirtualFilterChain.doFilter(FilterChainProxy.java:374)
	at org.springframework.security.web.session.SessionManagementFilter.doFilter(SessionManagementFilter.java:131)
	at org.springframework.security.web.session.SessionManagementFilter.doFilter(SessionManagementFilter.java:85)
	at org.springframework.security.web.FilterChainProxy$VirtualFilterChain.doFilter(FilterChainProxy.java:374)
	at org.springframework.security.web.authentication.AnonymousAuthenticationFilter.doFilter(AnonymousAuthenticationFilter.java:100)
	at org.springframework.security.web.FilterChainProxy$VirtualFilterChain.doFilter(FilterChainProxy.java:374)
	at org.springframework.security.web.servletapi.SecurityContextHolderAwareRequestFilter.doFilter(SecurityContextHolderAwareRequestFilter.java:179)
	at org.springframework.security.web.FilterChainProxy$VirtualFilterChain.doFilter(FilterChainProxy.java:374)
	at org.springframework.security.web.savedrequest.RequestCacheAwareFilter.doFilter(RequestCacheAwareFilter.java:63)
	at org.springframework.security.web.FilterChainProxy$VirtualFilterChain.doFilter(FilterChainProxy.java:374)
	at org.springframework.web.filter.OncePerRequestFilter.doFilter(OncePerRequestFilter.java:101)
	at org.springframework.security.web.FilterChainProxy$VirtualFilterChain.doFilter(FilterChainProxy.java:374)
	at org.springframework.web.filter.OncePerRequestFilter.doFilter(OncePerRequestFilter.java:110)
	at org.springframework.security.web.FilterChainProxy$VirtualFilterChain.doFilter(FilterChainProxy.java:374)
	at com.vela.gramstore.security.filter.AuthFilter.doFilterInternal(AuthFilter.java:47)
	at org.springframework.web.filter.OncePerRequestFilter.doFilter(OncePerRequestFilter.java:116)
	at org.springframework.security.web.FilterChainProxy$VirtualFilterChain.doFilter(FilterChainProxy.java:374)
	at org.springframework.security.web.authentication.logout.LogoutFilter.doFilter(LogoutFilter.java:107)
	at org.springframework.security.web.authentication.logout.LogoutFilter.doFilter(LogoutFilter.java:93)
	at org.springframework.security.web.FilterChainProxy$VirtualFilterChain.doFilter(FilterChainProxy.java:374)
	at org.springframework.web.filter.CorsFilter.doFilterInternal(CorsFilter.java:91)
	at org.springframework.web.filter.OncePerRequestFilter.doFilter(OncePerRequestFilter.java:116)
	at org.springframework.security.web.FilterChainProxy$VirtualFilterChain.doFilter(FilterChainProxy.java:374)
	at org.springframework.security.web.header.HeaderWriterFilter.doHeadersAfter(HeaderWriterFilter.java:90)
	at org.springframework.security.web.header.HeaderWriterFilter.doFilterInternal(HeaderWriterFilter.java:75)
	at org.springframework.web.filter.OncePerRequestFilter.doFilter(OncePerRequestFilter.java:116)
	at org.springframework.security.web.FilterChainProxy$VirtualFilterChain.doFilter(FilterChainProxy.java:374)
	at org.springframework.security.web.context.SecurityContextHolderFilter.doFilter(SecurityContextHolderFilter.java:82)
	at org.springframework.security.web.context.SecurityContextHolderFilter.doFilter(SecurityContextHolderFilter.java:69)
	at org.springframework.security.web.FilterChainProxy$VirtualFilterChain.doFilter(FilterChainProxy.java:374)
	at org.springframework.security.web.context.request.async.WebAsyncManagerIntegrationFilter.doFilterInternal(WebAsyncManagerIntegrationFilter.java:62)
	at org.springframework.web.filter.OncePerRequestFilter.doFilter(OncePerRequestFilter.java:116)
	at org.springframework.security.web.FilterChainProxy$VirtualFilterChain.doFilter(FilterChainProxy.java:374)
	at org.springframework.security.web.session.DisableEncodeUrlFilter.doFilterInternal(DisableEncodeUrlFilter.java:42)
	at org.springframework.web.filter.OncePerRequestFilter.doFilter(OncePerRequestFilter.java:116)
	at org.springframework.security.web.FilterChainProxy$VirtualFilterChain.doFilter(FilterChainProxy.java:374)
	at org.springframework.security.web.FilterChainProxy.doFilterInternal(FilterChainProxy.java:233)
	at org.springframework.security.web.FilterChainProxy.doFilter(FilterChainProxy.java:191)
	at org.springframework.web.filter.CompositeFilter$VirtualFilterChain.doFilter(CompositeFilter.java:113)
	at org.springframework.web.filter.ServletRequestPathFilter.doFilter(ServletRequestPathFilter.java:52)
	at org.springframework.web.filter.CompositeFilter$VirtualFilterChain.doFilter(CompositeFilter.java:113)
	at org.springframework.web.filter.CompositeFilter.doFilter(CompositeFilter.java:74)
	at org.springframework.security.config.annotation.web.configuration.WebSecurityConfiguration$CompositeFilterChainProxy.doFilter(WebSecurityConfiguration.java:319)
	at org.springframework.web.filter.CompositeFilter$VirtualFilterChain.doFilter(CompositeFilter.java:113)
	at org.springframework.web.servlet.handler.HandlerMappingIntrospector.lambda$createCacheFilter$4(HandlerMappingIntrospector.java:267)
	at org.springframework.web.filter.CompositeFilter$VirtualFilterChain.doFilter(CompositeFilter.java:113)
	at org.springframework.web.filter.CompositeFilter.doFilter(CompositeFilter.java:74)
	at org.springframework.security.config.annotation.web.configuration.WebMvcSecurityConfiguration$CompositeFilterChainProxy.doFilter(WebMvcSecurityConfiguration.java:240)
	at org.springframework.web.filter.DelegatingFilterProxy.invokeDelegate(DelegatingFilterProxy.java:362)
	at org.springframework.web.filter.DelegatingFilterProxy.doFilter(DelegatingFilterProxy.java:278)
	at org.apache.catalina.core.ApplicationFilterChain.internalDoFilter(ApplicationFilterChain.java:162)
	at org.apache.catalina.core.ApplicationFilterChain.doFilter(ApplicationFilterChain.java:138)
	at org.springframework.web.filter.RequestContextFilter.doFilterInternal(RequestContextFilter.java:100)
	at org.springframework.web.filter.OncePerRequestFilter.doFilter(OncePerRequestFilter.java:116)
	at org.apache.catalina.core.ApplicationFilterChain.internalDoFilter(ApplicationFilterChain.java:162)
	at org.apache.catalina.core.ApplicationFilterChain.doFilter(ApplicationFilterChain.java:138)
	at org.springframework.web.filter.FormContentFilter.doFilterInternal(FormContentFilter.java:93)
	at org.springframework.web.filter.OncePerRequestFilter.doFilter(OncePerRequestFilter.java:116)
	at org.apache.catalina.core.ApplicationFilterChain.internalDoFilter(ApplicationFilterChain.java:162)
	at org.apache.catalina.core.ApplicationFilterChain.doFilter(ApplicationFilterChain.java:138)
	at org.springframework.web.filter.CharacterEncodingFilter.doFilterInternal(CharacterEncodingFilter.java:201)
	at org.springframework.web.filter.OncePerRequestFilter.doFilter(OncePerRequestFilter.java:116)
	at org.apache.catalina.core.ApplicationFilterChain.internalDoFilter(ApplicationFilterChain.java:162)
	at org.apache.catalina.core.ApplicationFilterChain.doFilter(ApplicationFilterChain.java:138)
	at org.apache.catalina.core.StandardWrapperValve.invoke(StandardWrapperValve.java:165)
	at org.apache.catalina.core.StandardContextValve.invoke(StandardContextValve.java:88)
	at org.apache.catalina.authenticator.AuthenticatorBase.invoke(AuthenticatorBase.java:492)
	at org.apache.catalina.core.StandardHostValve.invoke(StandardHostValve.java:113)
	at org.apache.catalina.valves.ErrorReportValve.invoke(ErrorReportValve.java:83)
	at org.apache.catalina.core.StandardEngineValve.invoke(StandardEngineValve.java:72)
	at org.apache.catalina.valves.RemoteIpValve.invoke(RemoteIpValve.java:733)
	at org.apache.catalina.connector.CoyoteAdapter.service(CoyoteAdapter.java:342)
	at org.apache.coyote.http11.Http11Processor.service(Http11Processor.java:399)
	at org.apache.coyote.AbstractProcessorLight.process(AbstractProcessorLight.java:63)
	at org.apache.coyote.AbstractProtocol$ConnectionHandler.process(AbstractProtocol.java:903)
	at org.apache.tomcat.util.net.NioEndpoint$SocketProcessor.doRun(NioEndpoint.java:1775)
	at org.apache.tomcat.util.net.SocketProcessorBase.run(SocketProcessorBase.java:52)
	at org.apache.tomcat.util.threads.ThreadPoolExecutor.runWorker(ThreadPoolExecutor.java:973)
	at org.apache.tomcat.util.threads.ThreadPoolExecutor$Worker.run(ThreadPoolExecutor.java:491)
	at org.apache.tomcat.util.threads.TaskThread$WrappingRunnable.run(TaskThread.java:63)
	at java.base/java.lang.Thread.run(Thread.java:1583)
2026-08-19 12:23:41,784 INFO c.v.g.w.SessionWebSocketHandler [http-nio-8080-exec-8] WebSocket disconnected: 36bd5fca-428c-4396-7658-501cae31c9c8 with status: null
2026-08-19 12:23:50,131 INFO c.v.g.w.SessionWebSocketHandler [http-nio-8080-exec-10] WebSocket Connected: 79d61ff7-63b9-ee71-3af9-42b985e2a10c
2026-08-19 12:23:55,873 INFO c.v.g.w.SessionWebSocketHandler [http-nio-8080-exec-2] WebSocket disconnected: 79d61ff7-63b9-ee71-3af9-42b985e2a10c with status: null
2026-08-19 12:23:56,107 INFO c.v.g.w.SessionWebSocketHandler [http-nio-8080-exec-4] WebSocket Connected: 50d70a90-d46f-ad71-50cc-c48d322a8047
2026-08-19 12:23:59,285 ERROR o.a.c.c.C.[.[.[.[dispatcherServlet] [http-nio-8080-exec-7] Servlet.service() for servlet [dispatcherServlet] in context with path [] threw exception [Request processing failed: org.springframework.expression.spel.SpelEvaluationException: EL1007E: Property or field 'username' cannot be found on null] with root cause
org.springframework.expression.spel.SpelEvaluationException: EL1007E: Property or field 'username' cannot be found on null
	at org.springframework.expression.spel.ast.PropertyOrFieldReference.readProperty(PropertyOrFieldReference.java:225)
	at org.springframework.expression.spel.ast.PropertyOrFieldReference.getValueInternal(PropertyOrFieldReference.java:112)
	at org.springframework.expression.spel.ast.PropertyOrFieldReference$AccessorValueRef.getValue(PropertyOrFieldReference.java:376)
	at org.springframework.expression.spel.ast.CompoundExpression.getValueInternal(CompoundExpression.java:97)
	at org.springframework.expression.spel.ast.SpelNodeImpl.getValue(SpelNodeImpl.java:116)
	at org.springframework.expression.spel.standard.SpelExpression.getValue(SpelExpression.java:273)
	at org.springframework.cache.interceptor.CacheOperationExpressionEvaluator.key(CacheOperationExpressionEvaluator.java:106)
	at org.springframework.cache.interceptor.CacheAspectSupport$CacheOperationContext.generateKey(CacheAspectSupport.java:969)
	at org.springframework.cache.interceptor.CacheAspectSupport.generateKey(CacheAspectSupport.java:759)
	at org.springframework.cache.interceptor.CacheAspectSupport.performCacheEvicts(CacheAspectSupport.java:715)
	at org.springframework.cache.interceptor.CacheAspectSupport.processCacheEvicts(CacheAspectSupport.java:699)
	at org.springframework.cache.interceptor.CacheAspectSupport.evaluate(CacheAspectSupport.java:623)
	at org.springframework.cache.interceptor.CacheAspectSupport.execute(CacheAspectSupport.java:448)
	at org.springframework.cache.interceptor.CacheAspectSupport.execute(CacheAspectSupport.java:410)
	at org.springframework.cache.interceptor.CacheInterceptor.invoke(CacheInterceptor.java:65)
	at org.springframework.aop.framework.ReflectiveMethodInvocation.proceed(ReflectiveMethodInvocation.java:184)
	at org.springframework.aop.framework.CglibAopProxy$DynamicAdvisedInterceptor.intercept(CglibAopProxy.java:728)
	at com.vela.gramstore.service.UserService$$SpringCGLIB$$0.markVerified(<generated>)
	at com.vela.gramstore.service.AuthService.verify(AuthService.java:168)
	at java.base/jdk.internal.reflect.DirectMethodHandleAccessor.invoke(DirectMethodHandleAccessor.java:103)
	at java.base/java.lang.reflect.Method.invoke(Method.java:580)
	at org.springframework.aop.support.AopUtils.invokeJoinpointUsingReflection(AopUtils.java:360)
	at org.springframework.aop.framework.CglibAopProxy$DynamicAdvisedInterceptor.intercept(CglibAopProxy.java:724)
	at com.vela.gramstore.service.AuthService$$SpringCGLIB$$0.verify(<generated>)
	at com.vela.gramstore.controller.AuthController.verify(AuthController.java:55)
	at java.base/jdk.internal.reflect.DirectMethodHandleAccessor.invoke(DirectMethodHandleAccessor.java:103)
	at java.base/java.lang.reflect.Method.invoke(Method.java:580)
	at org.springframework.web.method.support.InvocableHandlerMethod.doInvoke(InvocableHandlerMethod.java:258)
	at org.springframework.web.method.support.InvocableHandlerMethod.invokeForRequest(InvocableHandlerMethod.java:191)
	at org.springframework.web.servlet.mvc.method.annotation.ServletInvocableHandlerMethod.invokeAndHandle(ServletInvocableHandlerMethod.java:118)
	at org.springframework.web.servlet.mvc.method.annotation.RequestMappingHandlerAdapter.invokeHandlerMethod(RequestMappingHandlerAdapter.java:991)
	at org.springframework.web.servlet.mvc.method.annotation.RequestMappingHandlerAdapter.handleInternal(RequestMappingHandlerAdapter.java:896)
	at org.springframework.web.servlet.mvc.method.AbstractHandlerMethodAdapter.handle(AbstractHandlerMethodAdapter.java:87)
	at org.springframework.web.servlet.DispatcherServlet.doDispatch(DispatcherServlet.java:1089)
	at org.springframework.web.servlet.DispatcherServlet.doService(DispatcherServlet.java:979)
	at org.springframework.web.servlet.FrameworkServlet.processRequest(FrameworkServlet.java:1014)
	at org.springframework.web.servlet.FrameworkServlet.doPost(FrameworkServlet.java:914)
	at jakarta.servlet.http.HttpServlet.service(HttpServlet.java:590)
	at org.springframework.web.servlet.FrameworkServlet.service(FrameworkServlet.java:885)
	at jakarta.servlet.http.HttpServlet.service(HttpServlet.java:658)
	at org.apache.catalina.core.ApplicationFilterChain.internalDoFilter(ApplicationFilterChain.java:193)
	at org.apache.catalina.core.ApplicationFilterChain.doFilter(ApplicationFilterChain.java:138)
	at org.apache.tomcat.websocket.server.WsFilter.doFilter(WsFilter.java:51)
	at org.apache.catalina.core.ApplicationFilterChain.internalDoFilter(ApplicationFilterChain.java:162)
	at org.apache.catalina.core.ApplicationFilterChain.doFilter(ApplicationFilterChain.java:138)
	at org.springframework.web.filter.OncePerRequestFilter.doFilter(OncePerRequestFilter.java:110)
	at org.apache.catalina.core.ApplicationFilterChain.internalDoFilter(ApplicationFilterChain.java:162)
	at org.apache.catalina.core.ApplicationFilterChain.doFilter(ApplicationFilterChain.java:138)
	at org.springframework.web.filter.OncePerRequestFilter.doFilter(OncePerRequestFilter.java:101)
	at org.apache.catalina.core.ApplicationFilterChain.internalDoFilter(ApplicationFilterChain.java:162)
	at org.apache.catalina.core.ApplicationFilterChain.doFilter(ApplicationFilterChain.java:138)
	at org.springframework.web.filter.CompositeFilter$VirtualFilterChain.doFilter(CompositeFilter.java:108)
	at org.springframework.web.filter.CompositeFilter$VirtualFilterChain.doFilter(CompositeFilter.java:108)
	at org.springframework.security.web.FilterChainProxy.lambda$doFilterInternal$3(FilterChainProxy.java:231)
	at org.springframework.security.web.FilterChainProxy$VirtualFilterChain.doFilter(FilterChainProxy.java:365)
	at org.springframework.security.web.access.intercept.AuthorizationFilter.doFilter(AuthorizationFilter.java:101)
	at org.springframework.security.web.FilterChainProxy$VirtualFilterChain.doFilter(FilterChainProxy.java:374)
	at org.springframework.security.web.access.ExceptionTranslationFilter.doFilter(ExceptionTranslationFilter.java:125)
	at org.springframework.security.web.access.ExceptionTranslationFilter.doFilter(ExceptionTranslationFilter.java:119)
	at org.springframework.security.web.FilterChainProxy$VirtualFilterChain.doFilter(FilterChainProxy.java:374)
	at org.springframework.security.web.session.SessionManagementFilter.doFilter(SessionManagementFilter.java:131)
	at org.springframework.security.web.session.SessionManagementFilter.doFilter(SessionManagementFilter.java:85)
	at org.springframework.security.web.FilterChainProxy$VirtualFilterChain.doFilter(FilterChainProxy.java:374)
	at org.springframework.security.web.authentication.AnonymousAuthenticationFilter.doFilter(AnonymousAuthenticationFilter.java:100)
	at org.springframework.security.web.FilterChainProxy$VirtualFilterChain.doFilter(FilterChainProxy.java:374)
	at org.springframework.security.web.servletapi.SecurityContextHolderAwareRequestFilter.doFilter(SecurityContextHolderAwareRequestFilter.java:179)
	at org.springframework.security.web.FilterChainProxy$VirtualFilterChain.doFilter(FilterChainProxy.java:374)
	at org.springframework.security.web.savedrequest.RequestCacheAwareFilter.doFilter(RequestCacheAwareFilter.java:63)
	at org.springframework.security.web.FilterChainProxy$VirtualFilterChain.doFilter(FilterChainProxy.java:374)
	at org.springframework.web.filter.OncePerRequestFilter.doFilter(OncePerRequestFilter.java:101)
	at org.springframework.security.web.FilterChainProxy$VirtualFilterChain.doFilter(FilterChainProxy.java:374)
	at org.springframework.web.filter.OncePerRequestFilter.doFilter(OncePerRequestFilter.java:110)
	at org.springframework.security.web.FilterChainProxy$VirtualFilterChain.doFilter(FilterChainProxy.java:374)
	at com.vela.gramstore.security.filter.AuthFilter.doFilterInternal(AuthFilter.java:47)
	at org.springframework.web.filter.OncePerRequestFilter.doFilter(OncePerRequestFilter.java:116)
	at org.springframework.security.web.FilterChainProxy$VirtualFilterChain.doFilter(FilterChainProxy.java:374)
	at org.springframework.security.web.authentication.logout.LogoutFilter.doFilter(LogoutFilter.java:107)
	at org.springframework.security.web.authentication.logout.LogoutFilter.doFilter(LogoutFilter.java:93)
	at org.springframework.security.web.FilterChainProxy$VirtualFilterChain.doFilter(FilterChainProxy.java:374)
	at org.springframework.web.filter.CorsFilter.doFilterInternal(CorsFilter.java:91)
	at org.springframework.web.filter.OncePerRequestFilter.doFilter(OncePerRequestFilter.java:116)
	at org.springframework.security.web.FilterChainProxy$VirtualFilterChain.doFilter(FilterChainProxy.java:374)
	at org.springframework.security.web.header.HeaderWriterFilter.doHeadersAfter(HeaderWriterFilter.java:90)
	at org.springframework.security.web.header.HeaderWriterFilter.doFilterInternal(HeaderWriterFilter.java:75)
	at org.springframework.web.filter.OncePerRequestFilter.doFilter(OncePerRequestFilter.java:116)
	at org.springframework.security.web.FilterChainProxy$VirtualFilterChain.doFilter(FilterChainProxy.java:374)
	at org.springframework.security.web.context.SecurityContextHolderFilter.doFilter(SecurityContextHolderFilter.java:82)
	at org.springframework.security.web.context.SecurityContextHolderFilter.doFilter(SecurityContextHolderFilter.java:69)
	at org.springframework.security.web.FilterChainProxy$VirtualFilterChain.doFilter(FilterChainProxy.java:374)
	at org.springframework.security.web.context.request.async.WebAsyncManagerIntegrationFilter.doFilterInternal(WebAsyncManagerIntegrationFilter.java:62)
	at org.springframework.web.filter.OncePerRequestFilter.doFilter(OncePerRequestFilter.java:116)
	at org.springframework.security.web.FilterChainProxy$VirtualFilterChain.doFilter(FilterChainProxy.java:374)
	at org.springframework.security.web.session.DisableEncodeUrlFilter.doFilterInternal(DisableEncodeUrlFilter.java:42)
	at org.springframework.web.filter.OncePerRequestFilter.doFilter(OncePerRequestFilter.java:116)
	at org.springframework.security.web.FilterChainProxy$VirtualFilterChain.doFilter(FilterChainProxy.java:374)
	at org.springframework.security.web.FilterChainProxy.doFilterInternal(FilterChainProxy.java:233)
	at org.springframework.security.web.FilterChainProxy.doFilter(FilterChainProxy.java:191)
	at org.springframework.web.filter.CompositeFilter$VirtualFilterChain.doFilter(CompositeFilter.java:113)
	at org.springframework.web.filter.ServletRequestPathFilter.doFilter(ServletRequestPathFilter.java:52)
	at org.springframework.web.filter.CompositeFilter$VirtualFilterChain.doFilter(CompositeFilter.java:113)
	at org.springframework.web.filter.CompositeFilter.doFilter(CompositeFilter.java:74)
	at org.springframework.security.config.annotation.web.configuration.WebSecurityConfiguration$CompositeFilterChainProxy.doFilter(WebSecurityConfiguration.java:319)
	at org.springframework.web.filter.CompositeFilter$VirtualFilterChain.doFilter(CompositeFilter.java:113)
	at org.springframework.web.servlet.handler.HandlerMappingIntrospector.lambda$createCacheFilter$4(HandlerMappingIntrospector.java:267)
	at org.springframework.web.filter.CompositeFilter$VirtualFilterChain.doFilter(CompositeFilter.java:113)
	at org.springframework.web.filter.CompositeFilter.doFilter(CompositeFilter.java:74)
	at org.springframework.security.config.annotation.web.configuration.WebMvcSecurityConfiguration$CompositeFilterChainProxy.doFilter(WebMvcSecurityConfiguration.java:240)
	at org.springframework.web.filter.DelegatingFilterProxy.invokeDelegate(DelegatingFilterProxy.java:362)
	at org.springframework.web.filter.DelegatingFilterProxy.doFilter(DelegatingFilterProxy.java:278)
	at org.apache.catalina.core.ApplicationFilterChain.internalDoFilter(ApplicationFilterChain.java:162)
	at org.apache.catalina.core.ApplicationFilterChain.doFilter(ApplicationFilterChain.java:138)
	at org.springframework.web.filter.RequestContextFilter.doFilterInternal(RequestContextFilter.java:100)
	at org.springframework.web.filter.OncePerRequestFilter.doFilter(OncePerRequestFilter.java:116)
	at org.apache.catalina.core.ApplicationFilterChain.internalDoFilter(ApplicationFilterChain.java:162)
	at org.apache.catalina.core.ApplicationFilterChain.doFilter(ApplicationFilterChain.java:138)
	at org.springframework.web.filter.FormContentFilter.doFilterInternal(FormContentFilter.java:93)
	at org.springframework.web.filter.OncePerRequestFilter.doFilter(OncePerRequestFilter.java:116)
	at org.apache.catalina.core.ApplicationFilterChain.internalDoFilter(ApplicationFilterChain.java:162)
	at org.apache.catalina.core.ApplicationFilterChain.doFilter(ApplicationFilterChain.java:138)
	at org.springframework.web.filter.CharacterEncodingFilter.doFilterInternal(CharacterEncodingFilter.java:201)
	at org.springframework.web.filter.OncePerRequestFilter.doFilter(OncePerRequestFilter.java:116)
	at org.apache.catalina.core.ApplicationFilterChain.internalDoFilter(ApplicationFilterChain.java:162)
	at org.apache.catalina.core.ApplicationFilterChain.doFilter(ApplicationFilterChain.java:138)
	at org.apache.catalina.core.StandardWrapperValve.invoke(StandardWrapperValve.java:165)
	at org.apache.catalina.core.StandardContextValve.invoke(StandardContextValve.java:88)
	at org.apache.catalina.authenticator.AuthenticatorBase.invoke(AuthenticatorBase.java:492)
	at org.apache.catalina.core.StandardHostValve.invoke(StandardHostValve.java:113)
	at org.apache.catalina.valves.ErrorReportValve.invoke(ErrorReportValve.java:83)
	at org.apache.catalina.core.StandardEngineValve.invoke(StandardEngineValve.java:72)
	at org.apache.catalina.valves.RemoteIpValve.invoke(RemoteIpValve.java:733)
	at org.apache.catalina.connector.CoyoteAdapter.service(CoyoteAdapter.java:342)
	at org.apache.coyote.http11.Http11Processor.service(Http11Processor.java:399)
	at org.apache.coyote.AbstractProcessorLight.process(AbstractProcessorLight.java:63)
	at org.apache.coyote.AbstractProtocol$ConnectionHandler.process(AbstractProtocol.java:903)
	at org.apache.tomcat.util.net.NioEndpoint$SocketProcessor.doRun(NioEndpoint.java:1775)
	at org.apache.tomcat.util.net.SocketProcessorBase.run(SocketProcessorBase.java:52)
	at org.apache.tomcat.util.threads.ThreadPoolExecutor.runWorker(ThreadPoolExecutor.java:973)
	at org.apache.tomcat.util.threads.ThreadPoolExecutor$Worker.run(ThreadPoolExecutor.java:491)
	at org.apache.tomcat.util.threads.TaskThread$WrappingRunnable.run(TaskThread.java:63)
	at java.base/java.lang.Thread.run(Thread.java:1583)
2026-08-19 12:23:59,816 ERROR o.a.c.c.C.[.[.[.[dispatcherServlet] [http-nio-8080-exec-9] Servlet.service() for servlet [dispatcherServlet] in context with path [] threw exception [Request processing failed: org.springframework.expression.spel.SpelEvaluationException: EL1007E: Property or field 'username' cannot be found on null] with root cause
org.springframework.expression.spel.SpelEvaluationException: EL1007E: Property or field 'username' cannot be found on null
	at org.springframework.expression.spel.ast.PropertyOrFieldReference.readProperty(PropertyOrFieldReference.java:225)
	at org.springframework.expression.spel.ast.PropertyOrFieldReference.getValueInternal(PropertyOrFieldReference.java:112)
	at org.springframework.expression.spel.ast.PropertyOrFieldReference$AccessorValueRef.getValue(PropertyOrFieldReference.java:376)
	at org.springframework.expression.spel.ast.CompoundExpression.getValueInternal(CompoundExpression.java:97)
	at org.springframework.expression.spel.ast.SpelNodeImpl.getValue(SpelNodeImpl.java:116)
	at org.springframework.expression.spel.standard.SpelExpression.getValue(SpelExpression.java:273)
	at org.springframework.cache.interceptor.CacheOperationExpressionEvaluator.key(CacheOperationExpressionEvaluator.java:106)
	at org.springframework.cache.interceptor.CacheAspectSupport$CacheOperationContext.generateKey(CacheAspectSupport.java:969)
	at org.springframework.cache.interceptor.CacheAspectSupport.generateKey(CacheAspectSupport.java:759)
	at org.springframework.cache.interceptor.CacheAspectSupport.performCacheEvicts(CacheAspectSupport.java:715)
	at org.springframework.cache.interceptor.CacheAspectSupport.processCacheEvicts(CacheAspectSupport.java:699)
	at org.springframework.cache.interceptor.CacheAspectSupport.evaluate(CacheAspectSupport.java:623)
	at org.springframework.cache.interceptor.CacheAspectSupport.execute(CacheAspectSupport.java:448)
	at org.springframework.cache.interceptor.CacheAspectSupport.execute(CacheAspectSupport.java:410)
	at org.springframework.cache.interceptor.CacheInterceptor.invoke(CacheInterceptor.java:65)
	at org.springframework.aop.framework.ReflectiveMethodInvocation.proceed(ReflectiveMethodInvocation.java:184)
	at org.springframework.aop.framework.CglibAopProxy$DynamicAdvisedInterceptor.intercept(CglibAopProxy.java:728)
	at com.vela.gramstore.service.UserService$$SpringCGLIB$$0.markVerified(<generated>)
	at com.vela.gramstore.service.AuthService.verify(AuthService.java:168)
	at java.base/jdk.internal.reflect.DirectMethodHandleAccessor.invoke(DirectMethodHandleAccessor.java:103)
	at java.base/java.lang.reflect.Method.invoke(Method.java:580)
	at org.springframework.aop.support.AopUtils.invokeJoinpointUsingReflection(AopUtils.java:360)
	at org.springframework.aop.framework.CglibAopProxy$DynamicAdvisedInterceptor.intercept(CglibAopProxy.java:724)
	at com.vela.gramstore.service.AuthService$$SpringCGLIB$$0.verify(<generated>)
	at com.vela.gramstore.controller.AuthController.verify(AuthController.java:55)
	at java.base/jdk.internal.reflect.DirectMethodHandleAccessor.invoke(DirectMethodHandleAccessor.java:103)
	at java.base/java.lang.reflect.Method.invoke(Method.java:580)
	at org.springframework.web.method.support.InvocableHandlerMethod.doInvoke(InvocableHandlerMethod.java:258)
	at org.springframework.web.method.support.InvocableHandlerMethod.invokeForRequest(InvocableHandlerMethod.java:191)
	at org.springframework.web.servlet.mvc.method.annotation.ServletInvocableHandlerMethod.invokeAndHandle(ServletInvocableHandlerMethod.java:118)
	at org.springframework.web.servlet.mvc.method.annotation.RequestMappingHandlerAdapter.invokeHandlerMethod(RequestMappingHandlerAdapter.java:991)
	at org.springframework.web.servlet.mvc.method.annotation.RequestMappingHandlerAdapter.handleInternal(RequestMappingHandlerAdapter.java:896)
	at org.springframework.web.servlet.mvc.method.AbstractHandlerMethodAdapter.handle(AbstractHandlerMethodAdapter.java:87)
	at org.springframework.web.servlet.DispatcherServlet.doDispatch(DispatcherServlet.java:1089)
	at org.springframework.web.servlet.DispatcherServlet.doService(DispatcherServlet.java:979)
	at org.springframework.web.servlet.FrameworkServlet.processRequest(FrameworkServlet.java:1014)
	at org.springframework.web.servlet.FrameworkServlet.doPost(FrameworkServlet.java:914)
	at jakarta.servlet.http.HttpServlet.service(HttpServlet.java:590)
	at org.springframework.web.servlet.FrameworkServlet.service(FrameworkServlet.java:885)
	at jakarta.servlet.http.HttpServlet.service(HttpServlet.java:658)
	at org.apache.catalina.core.ApplicationFilterChain.internalDoFilter(ApplicationFilterChain.java:193)
	at org.apache.catalina.core.ApplicationFilterChain.doFilter(ApplicationFilterChain.java:138)
	at org.apache.tomcat.websocket.server.WsFilter.doFilter(WsFilter.java:51)
	at org.apache.catalina.core.ApplicationFilterChain.internalDoFilter(ApplicationFilterChain.java:162)
	at org.apache.catalina.core.ApplicationFilterChain.doFilter(ApplicationFilterChain.java:138)
	at org.springframework.web.filter.OncePerRequestFilter.doFilter(OncePerRequestFilter.java:110)
	at org.apache.catalina.core.ApplicationFilterChain.internalDoFilter(ApplicationFilterChain.java:162)
	at org.apache.catalina.core.ApplicationFilterChain.doFilter(ApplicationFilterChain.java:138)
	at org.springframework.web.filter.OncePerRequestFilter.doFilter(OncePerRequestFilter.java:101)
	at org.apache.catalina.core.ApplicationFilterChain.internalDoFilter(ApplicationFilterChain.java:162)
	at org.apache.catalina.core.ApplicationFilterChain.doFilter(ApplicationFilterChain.java:138)
	at org.springframework.web.filter.CompositeFilter$VirtualFilterChain.doFilter(CompositeFilter.java:108)
	at org.springframework.web.filter.CompositeFilter$VirtualFilterChain.doFilter(CompositeFilter.java:108)
	at org.springframework.security.web.FilterChainProxy.lambda$doFilterInternal$3(FilterChainProxy.java:231)
	at org.springframework.security.web.FilterChainProxy$VirtualFilterChain.doFilter(FilterChainProxy.java:365)
	at org.springframework.security.web.access.intercept.AuthorizationFilter.doFilter(AuthorizationFilter.java:101)
	at org.springframework.security.web.FilterChainProxy$VirtualFilterChain.doFilter(FilterChainProxy.java:374)
	at org.springframework.security.web.access.ExceptionTranslationFilter.doFilter(ExceptionTranslationFilter.java:125)
	at org.springframework.security.web.access.ExceptionTranslationFilter.doFilter(ExceptionTranslationFilter.java:119)
	at org.springframework.security.web.FilterChainProxy$VirtualFilterChain.doFilter(FilterChainProxy.java:374)
	at org.springframework.security.web.session.SessionManagementFilter.doFilter(SessionManagementFilter.java:131)
	at org.springframework.security.web.session.SessionManagementFilter.doFilter(SessionManagementFilter.java:85)
	at org.springframework.security.web.FilterChainProxy$VirtualFilterChain.doFilter(FilterChainProxy.java:374)
	at org.springframework.security.web.authentication.AnonymousAuthenticationFilter.doFilter(AnonymousAuthenticationFilter.java:100)
	at org.springframework.security.web.FilterChainProxy$VirtualFilterChain.doFilter(FilterChainProxy.java:374)
	at org.springframework.security.web.servletapi.SecurityContextHolderAwareRequestFilter.doFilter(SecurityContextHolderAwareRequestFilter.java:179)
	at org.springframework.security.web.FilterChainProxy$VirtualFilterChain.doFilter(FilterChainProxy.java:374)
	at org.springframework.security.web.savedrequest.RequestCacheAwareFilter.doFilter(RequestCacheAwareFilter.java:63)
	at org.springframework.security.web.FilterChainProxy$VirtualFilterChain.doFilter(FilterChainProxy.java:374)
	at org.springframework.web.filter.OncePerRequestFilter.doFilter(OncePerRequestFilter.java:101)
	at org.springframework.security.web.FilterChainProxy$VirtualFilterChain.doFilter(FilterChainProxy.java:374)
	at org.springframework.web.filter.OncePerRequestFilter.doFilter(OncePerRequestFilter.java:110)
	at org.springframework.security.web.FilterChainProxy$VirtualFilterChain.doFilter(FilterChainProxy.java:374)
	at com.vela.gramstore.security.filter.AuthFilter.doFilterInternal(AuthFilter.java:47)
	at org.springframework.web.filter.OncePerRequestFilter.doFilter(OncePerRequestFilter.java:116)
	at org.springframework.security.web.FilterChainProxy$VirtualFilterChain.doFilter(FilterChainProxy.java:374)
	at org.springframework.security.web.authentication.logout.LogoutFilter.doFilter(LogoutFilter.java:107)
	at org.springframework.security.web.authentication.logout.LogoutFilter.doFilter(LogoutFilter.java:93)
	at org.springframework.security.web.FilterChainProxy$VirtualFilterChain.doFilter(FilterChainProxy.java:374)
	at org.springframework.web.filter.CorsFilter.doFilterInternal(CorsFilter.java:91)
	at org.springframework.web.filter.OncePerRequestFilter.doFilter(OncePerRequestFilter.java:116)
	at org.springframework.security.web.FilterChainProxy$VirtualFilterChain.doFilter(FilterChainProxy.java:374)
	at org.springframework.security.web.header.HeaderWriterFilter.doHeadersAfter(HeaderWriterFilter.java:90)
	at org.springframework.security.web.header.HeaderWriterFilter.doFilterInternal(HeaderWriterFilter.java:75)
	at org.springframework.web.filter.OncePerRequestFilter.doFilter(OncePerRequestFilter.java:116)
	at org.springframework.security.web.FilterChainProxy$VirtualFilterChain.doFilter(FilterChainProxy.java:374)
	at org.springframework.security.web.context.SecurityContextHolderFilter.doFilter(SecurityContextHolderFilter.java:82)
	at org.springframework.security.web.context.SecurityContextHolderFilter.doFilter(SecurityContextHolderFilter.java:69)
	at org.springframework.security.web.FilterChainProxy$VirtualFilterChain.doFilter(FilterChainProxy.java:374)
	at org.springframework.security.web.context.request.async.WebAsyncManagerIntegrationFilter.doFilterInternal(WebAsyncManagerIntegrationFilter.java:62)
	at org.springframework.web.filter.OncePerRequestFilter.doFilter(OncePerRequestFilter.java:116)
	at org.springframework.security.web.FilterChainProxy$VirtualFilterChain.doFilter(FilterChainProxy.java:374)
	at org.springframework.security.web.session.DisableEncodeUrlFilter.doFilterInternal(DisableEncodeUrlFilter.java:42)
	at org.springframework.web.filter.OncePerRequestFilter.doFilter(OncePerRequestFilter.java:116)
	at org.springframework.security.web.FilterChainProxy$VirtualFilterChain.doFilter(FilterChainProxy.java:374)
	at org.springframework.security.web.FilterChainProxy.doFilterInternal(FilterChainProxy.java:233)
	at org.springframework.security.web.FilterChainProxy.doFilter(FilterChainProxy.java:191)
	at org.springframework.web.filter.CompositeFilter$VirtualFilterChain.doFilter(CompositeFilter.java:113)
	at org.springframework.web.filter.ServletRequestPathFilter.doFilter(ServletRequestPathFilter.java:52)
	at org.springframework.web.filter.CompositeFilter$VirtualFilterChain.doFilter(CompositeFilter.java:113)
	at org.springframework.web.filter.CompositeFilter.doFilter(CompositeFilter.java:74)
	at org.springframework.security.config.annotation.web.configuration.WebSecurityConfiguration$CompositeFilterChainProxy.doFilter(WebSecurityConfiguration.java:319)
	at org.springframework.web.filter.CompositeFilter$VirtualFilterChain.doFilter(CompositeFilter.java:113)
	at org.springframework.web.servlet.handler.HandlerMappingIntrospector.lambda$createCacheFilter$4(HandlerMappingIntrospector.java:267)
	at org.springframework.web.filter.CompositeFilter$VirtualFilterChain.doFilter(CompositeFilter.java:113)
	at org.springframework.web.filter.CompositeFilter.doFilter(CompositeFilter.java:74)
	at org.springframework.security.config.annotation.web.configuration.WebMvcSecurityConfiguration$CompositeFilterChainProxy.doFilter(WebMvcSecurityConfiguration.java:240)
	at org.springframework.web.filter.DelegatingFilterProxy.invokeDelegate(DelegatingFilterProxy.java:362)
	at org.springframework.web.filter.DelegatingFilterProxy.doFilter(DelegatingFilterProxy.java:278)
	at org.apache.catalina.core.ApplicationFilterChain.internalDoFilter(ApplicationFilterChain.java:162)
	at org.apache.catalina.core.ApplicationFilterChain.doFilter(ApplicationFilterChain.java:138)
	at org.springframework.web.filter.RequestContextFilter.doFilterInternal(RequestContextFilter.java:100)
	at org.springframework.web.filter.OncePerRequestFilter.doFilter(OncePerRequestFilter.java:116)
	at org.apache.catalina.core.ApplicationFilterChain.internalDoFilter(ApplicationFilterChain.java:162)
	at org.apache.catalina.core.ApplicationFilterChain.doFilter(ApplicationFilterChain.java:138)
	at org.springframework.web.filter.FormContentFilter.doFilterInternal(FormContentFilter.java:93)
	at org.springframework.web.filter.OncePerRequestFilter.doFilter(OncePerRequestFilter.java:116)
	at org.apache.catalina.core.ApplicationFilterChain.internalDoFilter(ApplicationFilterChain.java:162)
	at org.apache.catalina.core.ApplicationFilterChain.doFilter(ApplicationFilterChain.java:138)
	at org.springframework.web.filter.CharacterEncodingFilter.doFilterInternal(CharacterEncodingFilter.java:201)
	at org.springframework.web.filter.OncePerRequestFilter.doFilter(OncePerRequestFilter.java:116)
	at org.apache.catalina.core.ApplicationFilterChain.internalDoFilter(ApplicationFilterChain.java:162)
	at org.apache.catalina.core.ApplicationFilterChain.doFilter(ApplicationFilterChain.java:138)
	at org.apache.catalina.core.StandardWrapperValve.invoke(StandardWrapperValve.java:165)
	at org.apache.catalina.core.StandardContextValve.invoke(StandardContextValve.java:88)
	at org.apache.catalina.authenticator.AuthenticatorBase.invoke(AuthenticatorBase.java:492)
	at org.apache.catalina.core.StandardHostValve.invoke(StandardHostValve.java:113)
	at org.apache.catalina.valves.ErrorReportValve.invoke(ErrorReportValve.java:83)
	at org.apache.catalina.core.StandardEngineValve.invoke(StandardEngineValve.java:72)
	at org.apache.catalina.valves.RemoteIpValve.invoke(RemoteIpValve.java:733)
	at org.apache.catalina.connector.CoyoteAdapter.service(CoyoteAdapter.java:342)
	at org.apache.coyote.http11.Http11Processor.service(Http11Processor.java:399)
	at org.apache.coyote.AbstractProcessorLight.process(AbstractProcessorLight.java:63)
	at org.apache.coyote.AbstractProtocol$ConnectionHandler.process(AbstractProtocol.java:903)
	at org.apache.tomcat.util.net.NioEndpoint$SocketProcessor.doRun(NioEndpoint.java:1775)
	at org.apache.tomcat.util.net.SocketProcessorBase.run(SocketProcessorBase.java:52)
	at org.apache.tomcat.util.threads.ThreadPoolExecutor.runWorker(ThreadPoolExecutor.java:973)
	at org.apache.tomcat.util.threads.ThreadPoolExecutor$Worker.run(ThreadPoolExecutor.java:491)
	at org.apache.tomcat.util.threads.TaskThread$WrappingRunnable.run(TaskThread.java:63)
	at java.base/java.lang.Thread.run(Thread.java:1583)
2026-08-19 12:23:59,833 INFO c.v.g.w.SessionWebSocketHandler [http-nio-8080-exec-10] WebSocket disconnected: 50d70a90-d46f-ad71-50cc-c48d322a8047 with status: null
2026-08-19 12:24:58,171 INFO o.s.b.w.e.t.GracefulShutdown [SpringApplicationShutdownHook] Commencing graceful shutdown. Waiting for active requests to complete
2026-08-19 12:24:58,191 INFO o.s.b.w.e.t.GracefulShutdown [tomcat-shutdown] Graceful shutdown complete
2026-08-19 14:48:05,804 INFO o.h.v.i.u.Version [background-preinit] HV000001: Hibernate Validator 8.0.3.Final
2026-08-19 14:48:05,968 INFO c.v.g.GramStoreApplication [main] Starting GramStoreApplication using Java 21.0.10 with PID 11964 (C:\Users\dsiro\IdeaProjects\GramStore\target\classes started by dsiro in C:\Users\dsiro\IdeaProjects\GramStore)
2026-08-19 14:48:05,968 INFO c.v.g.GramStoreApplication [main] The following 1 profile is active: "dev"
2026-08-19 14:48:08,952 INFO o.s.d.r.c.RepositoryConfigurationDelegate [main] Multiple Spring Data modules found, entering strict repository configuration mode
2026-08-19 14:48:08,958 INFO o.s.d.r.c.RepositoryConfigurationDelegate [main] Bootstrapping Spring Data MongoDB repositories in DEFAULT mode.
2026-08-19 14:48:09,059 INFO o.s.d.r.c.RepositoryConfigurationDelegate [main] Finished Spring Data repository scanning in 78 ms. Found 0 MongoDB repository interfaces.
2026-08-19 14:48:09,103 INFO o.s.d.r.c.RepositoryConfigurationDelegate [main] Multiple Spring Data modules found, entering strict repository configuration mode
2026-08-19 14:48:09,108 INFO o.s.d.r.c.RepositoryConfigurationDelegate [main] Bootstrapping Spring Data Redis repositories in DEFAULT mode.
2026-08-19 14:48:09,155 INFO o.s.d.r.c.RepositoryConfigurationDelegate [main] Finished Spring Data repository scanning in 33 ms. Found 0 Redis repository interfaces.
2026-08-19 14:48:11,709 INFO o.s.b.w.e.t.TomcatWebServer [main] Tomcat initialized with port 8080 (http)
2026-08-19 14:48:11,744 INFO o.a.c.h.Http11NioProtocol [main] Initializing ProtocolHandler ["http-nio-8080"]
2026-08-19 14:48:11,744 INFO o.a.c.c.StandardService [main] Starting service [Tomcat]
2026-08-19 14:48:11,744 INFO o.a.c.c.StandardEngine [main] Starting Servlet engine: [Apache Tomcat/10.1.52]
2026-08-19 14:48:11,977 INFO o.a.c.c.C.[.[.[/] [main] Initializing Spring embedded WebApplicationContext
2026-08-19 14:48:11,977 INFO o.s.b.w.s.c.ServletWebServerApplicationContext [main] Root WebApplicationContext: initialization completed in 5881 ms
2026-08-19 14:48:12,504 INFO o.m.d.cluster [cluster-ClusterId{value='6a8574d42267741a1ac8246c', description='null'}-srv-vela.tkxsdpk.mongodb.net] Adding discovered server ac-pwzxuxu-shard-00-00.tkxsdpk.mongodb.net:27017 to client view of cluster
2026-08-19 14:48:12,585 INFO o.m.d.client [main] MongoClient with metadata {"driver": {"name": "mongo-java-driver|sync|spring-boot", "version": "5.5.2"}, "os": {"type": "Windows", "name": "Windows 11", "architecture": "amd64", "version": "10.0"}, "platform": "Java/Oracle Corporation/21.0.10+8-LTS-217"} created with settings MongoClientSettings{readPreference=primary, writeConcern=WriteConcern{w=majority, wTimeout=null ms, journal=null}, retryWrites=true, retryReads=true, readConcern=ReadConcern{level=null}, credential=MongoCredential{mechanism=null, userName='dhiren', source='admin', password=<hidden>, mechanismProperties=<hidden>}, transportSettings=null, commandListeners=[], codecRegistry=ProvidersCodecRegistry{codecProviders=[ValueCodecProvider{}, BsonValueCodecProvider{}, DBRefCodecProvider{}, DBObjectCodecProvider{}, DocumentCodecProvider{}, CollectionCodecProvider{}, IterableCodecProvider{}, MapCodecProvider{}, GeoJsonCodecProvider{}, GridFSFileCodecProvider{}, Jsr310CodecProvider{}, JsonObjectCodecProvider{}, BsonCodecProvider{}, EnumCodecProvider{}, com.mongodb.client.model.mql.ExpressionCodecProvider@4861cca9, com.mongodb.Jep395RecordCodecProvider@6c8f4bc7, com.mongodb.KotlinCodecProvider@714e861f]}, loggerSettings=LoggerSettings{maxDocumentLength=1000}, clusterSettings={hosts=[127.0.0.1:27017], srvHost=vela.tkxsdpk.mongodb.net, srvServiceName=mongodb, mode=MULTIPLE, requiredClusterType=REPLICA_SET, requiredReplicaSetName='atlas-13gwxg-shard-0', serverSelector='null', clusterListeners='[]', serverSelectionTimeout='30000 ms', localThreshold='15 ms'}, socketSettings=SocketSettings{connectTimeoutMS=10000, readTimeoutMS=0, receiveBufferSize=0, proxySettings=ProxySettings{host=null, port=null, username=null, password=null}}, heartbeatSocketSettings=SocketSettings{connectTimeoutMS=10000, readTimeoutMS=10000, receiveBufferSize=0, proxySettings=ProxySettings{host=null, port=null, username=null, password=null}}, connectionPoolSettings=ConnectionPoolSettings{maxSize=100, minSize=0, maxWaitTimeMS=120000, maxConnectionLifeTimeMS=0, maxConnectionIdleTimeMS=0, maintenanceInitialDelayMS=0, maintenanceFrequencyMS=60000, connectionPoolListeners=[], maxConnecting=2}, serverSettings=ServerSettings{heartbeatFrequencyMS=10000, minHeartbeatFrequencyMS=500, serverMonitoringMode=AUTO, serverListeners='[]', serverMonitorListeners='[]'}, sslSettings=SslSettings{enabled=true, invalidHostNameAllowed=false, context=null}, applicationName='null', compressorList=[], uuidRepresentation=JAVA_LEGACY, serverApi=null, autoEncryptionSettings=null, dnsClient=null, inetAddressResolver=null, contextProvider=null, timeoutMS=null}
2026-08-19 14:48:12,611 INFO o.m.d.cluster [cluster-ClusterId{value='6a8574d42267741a1ac8246c', description='null'}-srv-vela.tkxsdpk.mongodb.net] Adding discovered server ac-pwzxuxu-shard-00-01.tkxsdpk.mongodb.net:27017 to client view of cluster
2026-08-19 14:48:12,618 INFO o.m.d.cluster [cluster-ClusterId{value='6a8574d42267741a1ac8246c', description='null'}-srv-vela.tkxsdpk.mongodb.net] Adding discovered server ac-pwzxuxu-shard-00-02.tkxsdpk.mongodb.net:27017 to client view of cluster
2026-08-19 14:48:13,621 INFO o.m.d.cluster [main] Waiting for server to become available for operation with ID 5. Remaining time: 29979 ms. Selector: WritableServerSelector, topology description: {type=REPLICA_SET, servers=[{address=ac-pwzxuxu-shard-00-00.tkxsdpk.mongodb.net:27017, type=UNKNOWN, state=CONNECTING}, {address=ac-pwzxuxu-shard-00-01.tkxsdpk.mongodb.net:27017, type=UNKNOWN, state=CONNECTING}, {address=ac-pwzxuxu-shard-00-02.tkxsdpk.mongodb.net:27017, type=UNKNOWN, state=CONNECTING}].
2026-08-19 14:48:13,848 INFO o.m.d.cluster [cluster-ClusterId{value='6a8574d42267741a1ac8246c', description='null'}-ac-pwzxuxu-shard-00-02.tkxsdpk.mongodb.net:27017] Monitor thread successfully connected to server with description ServerDescription{address=ac-pwzxuxu-shard-00-02.tkxsdpk.mongodb.net:27017, type=REPLICA_SET_SECONDARY, cryptd=false, state=CONNECTED, ok=true, minWireVersion=0, maxWireVersion=25, maxDocumentSize=16777216, logicalSessionTimeoutMinutes=30, roundTripTimeNanos=619941000, minRoundTripTimeNanos=0, setName='atlas-13gwxg-shard-0', canonicalAddress=ac-pwzxuxu-shard-00-02.tkxsdpk.mongodb.net:27017, hosts=[ac-pwzxuxu-shard-00-02.tkxsdpk.mongodb.net:27017, ac-pwzxuxu-shard-00-00.tkxsdpk.mongodb.net:27017, ac-pwzxuxu-shard-00-01.tkxsdpk.mongodb.net:27017], passives=[], arbiters=[], primary='ac-pwzxuxu-shard-00-01.tkxsdpk.mongodb.net:27017', tagSet=TagSet{[Tag{name='cacheState', value='READY'}, Tag{name='diskState', value='READY'}, Tag{name='nodeType', value='ELECTABLE'}, Tag{name='provider', value='AZURE'}, Tag{name='region', value='INDIA_CENTRAL'}, Tag{name='workloadType', value='OPERATIONAL'}]}, electionId=null, setVersion=415, topologyVersion=TopologyVersion{processId=6a7a34d9d31996b1e8776014, counter=5}, lastWriteDate=Wed Aug 19 14:48:13 IST 2026, lastUpdateTimeNanos=145067434943800}
2026-08-19 14:48:13,848 INFO o.m.d.cluster [cluster-ClusterId{value='6a8574d42267741a1ac8246c', description='null'}-ac-pwzxuxu-shard-00-00.tkxsdpk.mongodb.net:27017] Monitor thread successfully connected to server with description ServerDescription{address=ac-pwzxuxu-shard-00-00.tkxsdpk.mongodb.net:27017, type=REPLICA_SET_SECONDARY, cryptd=false, state=CONNECTED, ok=true, minWireVersion=0, maxWireVersion=25, maxDocumentSize=16777216, logicalSessionTimeoutMinutes=30, roundTripTimeNanos=619981100, minRoundTripTimeNanos=0, setName='atlas-13gwxg-shard-0', canonicalAddress=ac-pwzxuxu-shard-00-00.tkxsdpk.mongodb.net:27017, hosts=[ac-pwzxuxu-shard-00-02.tkxsdpk.mongodb.net:27017, ac-pwzxuxu-shard-00-00.tkxsdpk.mongodb.net:27017, ac-pwzxuxu-shard-00-01.tkxsdpk.mongodb.net:27017], passives=[], arbiters=[], primary='ac-pwzxuxu-shard-00-01.tkxsdpk.mongodb.net:27017', tagSet=TagSet{[Tag{name='cacheState', value='READY'}, Tag{name='diskState', value='READY'}, Tag{name='nodeType', value='ELECTABLE'}, Tag{name='provider', value='AZURE'}, Tag{name='region', value='INDIA_CENTRAL'}, Tag{name='workloadType', value='OPERATIONAL'}]}, electionId=null, setVersion=415, topologyVersion=TopologyVersion{processId=6a7a303208088ee8ec208729, counter=10}, lastWriteDate=Wed Aug 19 14:48:13 IST 2026, lastUpdateTimeNanos=145067434943800}
2026-08-19 14:48:13,848 INFO o.m.d.cluster [cluster-ClusterId{value='6a8574d42267741a1ac8246c', description='null'}-ac-pwzxuxu-shard-00-01.tkxsdpk.mongodb.net:27017] Monitor thread successfully connected to server with description ServerDescription{address=ac-pwzxuxu-shard-00-01.tkxsdpk.mongodb.net:27017, type=REPLICA_SET_PRIMARY, cryptd=false, state=CONNECTED, ok=true, minWireVersion=0, maxWireVersion=25, maxDocumentSize=16777216, logicalSessionTimeoutMinutes=30, roundTripTimeNanos=620607600, minRoundTripTimeNanos=0, setName='atlas-13gwxg-shard-0', canonicalAddress=ac-pwzxuxu-shard-00-01.tkxsdpk.mongodb.net:27017, hosts=[ac-pwzxuxu-shard-00-02.tkxsdpk.mongodb.net:27017, ac-pwzxuxu-shard-00-00.tkxsdpk.mongodb.net:27017, ac-pwzxuxu-shard-00-01.tkxsdpk.mongodb.net:27017], passives=[], arbiters=[], primary='ac-pwzxuxu-shard-00-01.tkxsdpk.mongodb.net:27017', tagSet=TagSet{[Tag{name='cacheState', value='READY'}, Tag{name='diskState', value='READY'}, Tag{name='nodeType', value='ELECTABLE'}, Tag{name='provider', value='AZURE'}, Tag{name='region', value='INDIA_CENTRAL'}, Tag{name='workloadType', value='OPERATIONAL'}]}, electionId=7fffffff00000000000001cb, setVersion=415, topologyVersion=TopologyVersion{processId=6a7a3259a49ce98341b01ffe, counter=10}, lastWriteDate=Wed Aug 19 14:48:13 IST 2026, lastUpdateTimeNanos=145067435572300}
2026-08-19 14:48:13,861 INFO o.m.d.cluster [cluster-ClusterId{value='6a8574d42267741a1ac8246c', description='null'}-ac-pwzxuxu-shard-00-01.tkxsdpk.mongodb.net:27017] Discovered replica set primary ac-pwzxuxu-shard-00-01.tkxsdpk.mongodb.net:27017 with max election id 7fffffff00000000000001cb and max set version 415
2026-08-19 14:48:17,302 INFO o.s.s.c.a.a.c.InitializeUserDetailsBeanManagerConfigurer$InitializeUserDetailsManagerConfigurer [main] Global AuthenticationManager configured with UserDetailsService bean with name userDetailsServiceImpl
2026-08-19 14:48:18,596 INFO o.a.c.h.Http11NioProtocol [main] Starting ProtocolHandler ["http-nio-8080"]
2026-08-19 14:48:18,634 INFO o.s.b.w.e.t.TomcatWebServer [main] Tomcat started on port 8080 (http) with context path '/'
2026-08-19 14:48:18,647 INFO c.v.g.GramStoreApplication [main] Started GramStoreApplication in 13.733 seconds (process running for 15.255)
2026-08-19 14:50:20,890 INFO o.a.c.c.C.[.[.[/] [http-nio-8080-exec-1] Initializing Spring DispatcherServlet 'dispatcherServlet'
2026-08-19 14:50:20,890 INFO o.s.w.s.DispatcherServlet [http-nio-8080-exec-1] Initializing Servlet 'dispatcherServlet'
2026-08-19 14:50:20,898 INFO o.s.w.s.DispatcherServlet [http-nio-8080-exec-1] Completed initialization in 0 ms
2026-08-19 14:50:50,571 INFO c.v.g.w.SessionWebSocketHandler [http-nio-8080-exec-4] WebSocket Connected: 2917b112-8a4c-4539-64f9-0bd0b083ea9e
2026-08-19 14:51:15,767 INFO c.v.g.w.SessionWebSocketHandler [http-nio-8080-exec-5] WebSocket disconnected: 2917b112-8a4c-4539-64f9-0bd0b083ea9e with status: null
2026-08-19 14:51:15,947 INFO c.v.g.w.SessionWebSocketHandler [http-nio-8080-exec-7] WebSocket Connected: 46e71667-7d93-0ac4-91e6-cdf226e9e24d
2026-08-19 14:51:34,256 INFO c.v.g.w.SessionWebSocketHandler [http-nio-8080-exec-2] WebSocket disconnected: 46e71667-7d93-0ac4-91e6-cdf226e9e24d with status: null
2026-08-19 14:51:34,319 INFO c.v.g.w.SessionWebSocketHandler [http-nio-8080-exec-3] WebSocket Connected: a8045231-88c9-7268-5768-dcf04d16dd45
2026-08-19 14:51:41,356 INFO c.v.g.w.SessionWebSocketHandler [http-nio-8080-exec-5] WebSocket disconnected: a8045231-88c9-7268-5768-dcf04d16dd45 with status: null
2026-08-19 14:51:41,609 INFO c.v.g.w.SessionWebSocketHandler [http-nio-8080-exec-6] WebSocket Connected: 71104e48-8b6e-f10b-616e-a34b51e1cc7d
2026-08-19 14:51:42,851 INFO c.v.g.w.SessionWebSocketHandler [http-nio-8080-exec-7] WebSocket disconnected: 71104e48-8b6e-f10b-616e-a34b51e1cc7d with status: null
2026-08-19 14:51:43,090 INFO c.v.g.w.SessionWebSocketHandler [http-nio-8080-exec-8] WebSocket Connected: f6765494-bf92-3842-de40-2f8a9c88cac9
2026-08-19 14:51:44,630 INFO c.v.g.w.SessionWebSocketHandler [http-nio-8080-exec-1] WebSocket disconnected: f6765494-bf92-3842-de40-2f8a9c88cac9 with status: null
2026-08-19 14:51:44,874 INFO c.v.g.w.SessionWebSocketHandler [http-nio-8080-exec-2] WebSocket Connected: b427e072-8d61-9332-957b-b2fb549222dc
2026-08-19 14:52:09,927 INFO c.v.g.w.SessionWebSocketHandler [http-nio-8080-exec-7] WebSocket disconnected: b427e072-8d61-9332-957b-b2fb549222dc with status: null
2026-08-19 14:52:10,073 INFO c.v.g.w.SessionWebSocketHandler [http-nio-8080-exec-9] WebSocket Connected: 8458e0f2-bdf6-a347-3b26-08ce28a00502
2026-08-19 14:52:23,621 INFO c.v.g.w.SessionWebSocketHandler [http-nio-8080-exec-1] WebSocket disconnected: 8458e0f2-bdf6-a347-3b26-08ce28a00502 with status: null
2026-08-19 14:52:23,898 INFO c.v.g.w.SessionWebSocketHandler [http-nio-8080-exec-2] WebSocket Connected: 0ec88754-d3e1-46ab-087e-ce0d4c3b7b6c
2026-08-19 14:52:48,947 INFO c.v.g.w.SessionWebSocketHandler [http-nio-8080-exec-5] WebSocket disconnected: 0ec88754-d3e1-46ab-087e-ce0d4c3b7b6c with status: null
2026-08-19 14:52:49,123 INFO c.v.g.w.SessionWebSocketHandler [http-nio-8080-exec-7] WebSocket Connected: 7b33a9c7-b5fb-a0ff-8744-6c0ac1dce60e
2026-08-19 14:52:52,074 INFO c.v.g.w.SessionWebSocketHandler [http-nio-8080-exec-1] WebSocket disconnected: 7b33a9c7-b5fb-a0ff-8744-6c0ac1dce60e with status: null
2026-08-19 14:52:52,361 INFO c.v.g.w.SessionWebSocketHandler [http-nio-8080-exec-2] WebSocket Connected: 6ef37846-9172-82bf-ada7-1b0bd9b59ecb
2026-08-19 14:52:57,474 INFO c.v.g.w.SessionWebSocketHandler [http-nio-8080-exec-4] WebSocket disconnected: 6ef37846-9172-82bf-ada7-1b0bd9b59ecb with status: null
2026-08-19 14:52:57,714 INFO c.v.g.w.SessionWebSocketHandler [http-nio-8080-exec-5] WebSocket Connected: 34f4965b-fd2f-946d-2d17-3390fafc0731
2026-08-19 14:53:08,975 INFO c.v.g.w.SessionWebSocketHandler [http-nio-8080-exec-10] WebSocket disconnected: 34f4965b-fd2f-946d-2d17-3390fafc0731 with status: null
2026-08-19 14:53:21,630 INFO o.s.b.w.e.t.GracefulShutdown [SpringApplicationShutdownHook] Commencing graceful shutdown. Waiting for active requests to complete
2026-08-19 14:53:21,650 INFO o.s.b.w.e.t.GracefulShutdown [tomcat-shutdown] Graceful shutdown complete
2026-08-19 15:39:40,424 INFO o.h.v.i.u.Version [background-preinit] HV000001: Hibernate Validator 8.0.3.Final
2026-08-19 15:39:40,533 INFO c.v.g.GramStoreApplication [main] Starting GramStoreApplication using Java 21.0.10 with PID 2040 (C:\Users\dsiro\IdeaProjects\GramStore\target\classes started by dsiro in C:\Users\dsiro\IdeaProjects\GramStore)
2026-08-19 15:39:40,535 INFO c.v.g.GramStoreApplication [main] The following 1 profile is active: "dev"
2026-08-19 15:39:42,348 INFO o.s.d.r.c.RepositoryConfigurationDelegate [main] Multiple Spring Data modules found, entering strict repository configuration mode
2026-08-19 15:39:42,355 INFO o.s.d.r.c.RepositoryConfigurationDelegate [main] Bootstrapping Spring Data MongoDB repositories in DEFAULT mode.
2026-08-19 15:39:42,417 INFO o.s.d.r.c.RepositoryConfigurationDelegate [main] Finished Spring Data repository scanning in 42 ms. Found 0 MongoDB repository interfaces.
2026-08-19 15:39:42,446 INFO o.s.d.r.c.RepositoryConfigurationDelegate [main] Multiple Spring Data modules found, entering strict repository configuration mode
2026-08-19 15:39:42,453 INFO o.s.d.r.c.RepositoryConfigurationDelegate [main] Bootstrapping Spring Data Redis repositories in DEFAULT mode.
2026-08-19 15:39:42,481 INFO o.s.d.r.c.RepositoryConfigurationDelegate [main] Finished Spring Data repository scanning in 11 ms. Found 0 Redis repository interfaces.
2026-08-19 15:39:44,125 INFO o.s.b.w.e.t.TomcatWebServer [main] Tomcat initialized with port 8080 (http)
2026-08-19 15:39:44,148 INFO o.a.c.h.Http11NioProtocol [main] Initializing ProtocolHandler ["http-nio-8080"]
2026-08-19 15:39:44,152 INFO o.a.c.c.StandardService [main] Starting service [Tomcat]
2026-08-19 15:39:44,152 INFO o.a.c.c.StandardEngine [main] Starting Servlet engine: [Apache Tomcat/10.1.52]
2026-08-19 15:39:44,273 INFO o.a.c.c.C.[.[.[/] [main] Initializing Spring embedded WebApplicationContext
2026-08-19 15:39:44,274 INFO o.s.b.w.s.c.ServletWebServerApplicationContext [main] Root WebApplicationContext: initialization completed in 3625 ms
2026-08-19 15:39:44,567 INFO o.m.d.cluster [cluster-ClusterId{value='6a8580e853e3b41ebe7da824', description='null'}-srv-vela.tkxsdpk.mongodb.net] Adding discovered server ac-pwzxuxu-shard-00-00.tkxsdpk.mongodb.net:27017 to client view of cluster
2026-08-19 15:39:44,606 INFO o.m.d.client [main] MongoClient with metadata {"driver": {"name": "mongo-java-driver|sync|spring-boot", "version": "5.5.2"}, "os": {"type": "Windows", "name": "Windows 11", "architecture": "amd64", "version": "10.0"}, "platform": "Java/Oracle Corporation/21.0.10+8-LTS-217"} created with settings MongoClientSettings{readPreference=primary, writeConcern=WriteConcern{w=majority, wTimeout=null ms, journal=null}, retryWrites=true, retryReads=true, readConcern=ReadConcern{level=null}, credential=MongoCredential{mechanism=null, userName='dhiren', source='admin', password=<hidden>, mechanismProperties=<hidden>}, transportSettings=null, commandListeners=[], codecRegistry=ProvidersCodecRegistry{codecProviders=[ValueCodecProvider{}, BsonValueCodecProvider{}, DBRefCodecProvider{}, DBObjectCodecProvider{}, DocumentCodecProvider{}, CollectionCodecProvider{}, IterableCodecProvider{}, MapCodecProvider{}, GeoJsonCodecProvider{}, GridFSFileCodecProvider{}, Jsr310CodecProvider{}, JsonObjectCodecProvider{}, BsonCodecProvider{}, EnumCodecProvider{}, com.mongodb.client.model.mql.ExpressionCodecProvider@57a667c8, com.mongodb.Jep395RecordCodecProvider@712cd5d3, com.mongodb.KotlinCodecProvider@2094bf3d]}, loggerSettings=LoggerSettings{maxDocumentLength=1000}, clusterSettings={hosts=[127.0.0.1:27017], srvHost=vela.tkxsdpk.mongodb.net, srvServiceName=mongodb, mode=MULTIPLE, requiredClusterType=REPLICA_SET, requiredReplicaSetName='atlas-13gwxg-shard-0', serverSelector='null', clusterListeners='[]', serverSelectionTimeout='30000 ms', localThreshold='15 ms'}, socketSettings=SocketSettings{connectTimeoutMS=10000, readTimeoutMS=0, receiveBufferSize=0, proxySettings=ProxySettings{host=null, port=null, username=null, password=null}}, heartbeatSocketSettings=SocketSettings{connectTimeoutMS=10000, readTimeoutMS=10000, receiveBufferSize=0, proxySettings=ProxySettings{host=null, port=null, username=null, password=null}}, connectionPoolSettings=ConnectionPoolSettings{maxSize=100, minSize=0, maxWaitTimeMS=120000, maxConnectionLifeTimeMS=0, maxConnectionIdleTimeMS=0, maintenanceInitialDelayMS=0, maintenanceFrequencyMS=60000, connectionPoolListeners=[], maxConnecting=2}, serverSettings=ServerSettings{heartbeatFrequencyMS=10000, minHeartbeatFrequencyMS=500, serverMonitoringMode=AUTO, serverListeners='[]', serverMonitorListeners='[]'}, sslSettings=SslSettings{enabled=true, invalidHostNameAllowed=false, context=null}, applicationName='null', compressorList=[], uuidRepresentation=JAVA_LEGACY, serverApi=null, autoEncryptionSettings=null, dnsClient=null, inetAddressResolver=null, contextProvider=null, timeoutMS=null}
2026-08-19 15:39:44,619 INFO o.m.d.cluster [cluster-ClusterId{value='6a8580e853e3b41ebe7da824', description='null'}-srv-vela.tkxsdpk.mongodb.net] Adding discovered server ac-pwzxuxu-shard-00-01.tkxsdpk.mongodb.net:27017 to client view of cluster
2026-08-19 15:39:44,624 INFO o.m.d.cluster [cluster-ClusterId{value='6a8580e853e3b41ebe7da824', description='null'}-srv-vela.tkxsdpk.mongodb.net] Adding discovered server ac-pwzxuxu-shard-00-02.tkxsdpk.mongodb.net:27017 to client view of cluster
2026-08-19 15:39:45,165 INFO o.m.d.cluster [main] Waiting for server to become available for operation with ID 5. Remaining time: 29991 ms. Selector: WritableServerSelector, topology description: {type=REPLICA_SET, servers=[{address=ac-pwzxuxu-shard-00-00.tkxsdpk.mongodb.net:27017, type=UNKNOWN, state=CONNECTING}, {address=ac-pwzxuxu-shard-00-01.tkxsdpk.mongodb.net:27017, type=UNKNOWN, state=CONNECTING}, {address=ac-pwzxuxu-shard-00-02.tkxsdpk.mongodb.net:27017, type=UNKNOWN, state=CONNECTING}].
2026-08-19 15:39:45,301 INFO o.m.d.cluster [cluster-ClusterId{value='6a8580e853e3b41ebe7da824', description='null'}-ac-pwzxuxu-shard-00-02.tkxsdpk.mongodb.net:27017] Monitor thread successfully connected to server with description ServerDescription{address=ac-pwzxuxu-shard-00-02.tkxsdpk.mongodb.net:27017, type=REPLICA_SET_SECONDARY, cryptd=false, state=CONNECTED, ok=true, minWireVersion=0, maxWireVersion=25, maxDocumentSize=16777216, logicalSessionTimeoutMinutes=30, roundTripTimeNanos=352095200, minRoundTripTimeNanos=0, setName='atlas-13gwxg-shard-0', canonicalAddress=ac-pwzxuxu-shard-00-02.tkxsdpk.mongodb.net:27017, hosts=[ac-pwzxuxu-shard-00-02.tkxsdpk.mongodb.net:27017, ac-pwzxuxu-shard-00-00.tkxsdpk.mongodb.net:27017, ac-pwzxuxu-shard-00-01.tkxsdpk.mongodb.net:27017], passives=[], arbiters=[], primary='ac-pwzxuxu-shard-00-01.tkxsdpk.mongodb.net:27017', tagSet=TagSet{[Tag{name='cacheState', value='READY'}, Tag{name='diskState', value='READY'}, Tag{name='nodeType', value='ELECTABLE'}, Tag{name='provider', value='AZURE'}, Tag{name='region', value='INDIA_CENTRAL'}, Tag{name='workloadType', value='OPERATIONAL'}]}, electionId=null, setVersion=415, topologyVersion=TopologyVersion{processId=6a7a34d9d31996b1e8776014, counter=5}, lastWriteDate=Wed Aug 19 15:39:44 IST 2026, lastUpdateTimeNanos=148160354208400}
2026-08-19 15:39:45,301 INFO o.m.d.cluster [cluster-ClusterId{value='6a8580e853e3b41ebe7da824', description='null'}-ac-pwzxuxu-shard-00-01.tkxsdpk.mongodb.net:27017] Monitor thread successfully connected to server with description ServerDescription{address=ac-pwzxuxu-shard-00-01.tkxsdpk.mongodb.net:27017, type=REPLICA_SET_PRIMARY, cryptd=false, state=CONNECTED, ok=true, minWireVersion=0, maxWireVersion=25, maxDocumentSize=16777216, logicalSessionTimeoutMinutes=30, roundTripTimeNanos=360717100, minRoundTripTimeNanos=0, setName='atlas-13gwxg-shard-0', canonicalAddress=ac-pwzxuxu-shard-00-01.tkxsdpk.mongodb.net:27017, hosts=[ac-pwzxuxu-shard-00-02.tkxsdpk.mongodb.net:27017, ac-pwzxuxu-shard-00-00.tkxsdpk.mongodb.net:27017, ac-pwzxuxu-shard-00-01.tkxsdpk.mongodb.net:27017], passives=[], arbiters=[], primary='ac-pwzxuxu-shard-00-01.tkxsdpk.mongodb.net:27017', tagSet=TagSet{[Tag{name='cacheState', value='READY'}, Tag{name='diskState', value='READY'}, Tag{name='nodeType', value='ELECTABLE'}, Tag{name='provider', value='AZURE'}, Tag{name='region', value='INDIA_CENTRAL'}, Tag{name='workloadType', value='OPERATIONAL'}]}, electionId=7fffffff00000000000001cb, setVersion=415, topologyVersion=TopologyVersion{processId=6a7a3259a49ce98341b01ffe, counter=10}, lastWriteDate=Wed Aug 19 15:39:44 IST 2026, lastUpdateTimeNanos=148160354208100}
2026-08-19 15:39:45,303 INFO o.m.d.cluster [cluster-ClusterId{value='6a8580e853e3b41ebe7da824', description='null'}-ac-pwzxuxu-shard-00-00.tkxsdpk.mongodb.net:27017] Monitor thread successfully connected to server with description ServerDescription{address=ac-pwzxuxu-shard-00-00.tkxsdpk.mongodb.net:27017, type=REPLICA_SET_SECONDARY, cryptd=false, state=CONNECTED, ok=true, minWireVersion=0, maxWireVersion=25, maxDocumentSize=16777216, logicalSessionTimeoutMinutes=30, roundTripTimeNanos=362439700, minRoundTripTimeNanos=0, setName='atlas-13gwxg-shard-0', canonicalAddress=ac-pwzxuxu-shard-00-00.tkxsdpk.mongodb.net:27017, hosts=[ac-pwzxuxu-shard-00-02.tkxsdpk.mongodb.net:27017, ac-pwzxuxu-shard-00-00.tkxsdpk.mongodb.net:27017, ac-pwzxuxu-shard-00-01.tkxsdpk.mongodb.net:27017], passives=[], arbiters=[], primary='ac-pwzxuxu-shard-00-01.tkxsdpk.mongodb.net:27017', tagSet=TagSet{[Tag{name='cacheState', value='READY'}, Tag{name='diskState', value='READY'}, Tag{name='nodeType', value='ELECTABLE'}, Tag{name='provider', value='AZURE'}, Tag{name='region', value='INDIA_CENTRAL'}, Tag{name='workloadType', value='OPERATIONAL'}]}, electionId=null, setVersion=415, topologyVersion=TopologyVersion{processId=6a7a303208088ee8ec208729, counter=10}, lastWriteDate=Wed Aug 19 15:39:44 GMT+05:30 2026, lastUpdateTimeNanos=148160354208200}
2026-08-19 15:39:45,305 INFO o.m.d.cluster [cluster-ClusterId{value='6a8580e853e3b41ebe7da824', description='null'}-ac-pwzxuxu-shard-00-01.tkxsdpk.mongodb.net:27017] Discovered replica set primary ac-pwzxuxu-shard-00-01.tkxsdpk.mongodb.net:27017 with max election id 7fffffff00000000000001cb and max set version 415
2026-08-19 15:39:47,517 INFO o.s.s.c.a.a.c.InitializeUserDetailsBeanManagerConfigurer$InitializeUserDetailsManagerConfigurer [main] Global AuthenticationManager configured with UserDetailsService bean with name userDetailsServiceImpl
2026-08-19 15:39:48,503 INFO o.a.c.h.Http11NioProtocol [main] Starting ProtocolHandler ["http-nio-8080"]
2026-08-19 15:39:48,521 INFO o.s.b.w.e.t.TomcatWebServer [main] Tomcat started on port 8080 (http) with context path '/'
2026-08-19 15:39:48,540 INFO c.v.g.GramStoreApplication [main] Started GramStoreApplication in 8.963 seconds (process running for 10.365)
2026-08-19 15:39:52,053 INFO o.a.c.c.C.[.[.[/] [http-nio-8080-exec-2] Initializing Spring DispatcherServlet 'dispatcherServlet'
2026-08-19 15:39:52,053 INFO o.s.w.s.DispatcherServlet [http-nio-8080-exec-2] Initializing Servlet 'dispatcherServlet'
2026-08-19 15:39:52,060 INFO o.s.w.s.DispatcherServlet [http-nio-8080-exec-2] Completed initialization in 0 ms
2026-08-19 15:43:18,471 INFO o.s.b.w.e.t.GracefulShutdown [SpringApplicationShutdownHook] Commencing graceful shutdown. Waiting for active requests to complete
2026-08-19 15:43:18,493 INFO o.s.b.w.e.t.GracefulShutdown [tomcat-shutdown] Graceful shutdown complete
2026-08-19 15:43:25,332 INFO o.h.v.i.u.Version [background-preinit] HV000001: Hibernate Validator 8.0.3.Final
2026-08-19 15:43:25,421 INFO c.v.g.GramStoreApplication [main] Starting GramStoreApplication using Java 21.0.10 with PID 12356 (C:\Users\dsiro\IdeaProjects\GramStore\target\classes started by dsiro in C:\Users\dsiro\IdeaProjects\GramStore)
2026-08-19 15:43:25,423 INFO c.v.g.GramStoreApplication [main] The following 1 profile is active: "dev"
2026-08-19 15:43:26,763 INFO o.s.d.r.c.RepositoryConfigurationDelegate [main] Multiple Spring Data modules found, entering strict repository configuration mode
2026-08-19 15:43:26,765 INFO o.s.d.r.c.RepositoryConfigurationDelegate [main] Bootstrapping Spring Data MongoDB repositories in DEFAULT mode.
2026-08-19 15:43:26,804 INFO o.s.d.r.c.RepositoryConfigurationDelegate [main] Finished Spring Data repository scanning in 30 ms. Found 0 MongoDB repository interfaces.
2026-08-19 15:43:26,823 INFO o.s.d.r.c.RepositoryConfigurationDelegate [main] Multiple Spring Data modules found, entering strict repository configuration mode
2026-08-19 15:43:26,825 INFO o.s.d.r.c.RepositoryConfigurationDelegate [main] Bootstrapping Spring Data Redis repositories in DEFAULT mode.
2026-08-19 15:43:26,848 INFO o.s.d.r.c.RepositoryConfigurationDelegate [main] Finished Spring Data repository scanning in 10 ms. Found 0 Redis repository interfaces.
2026-08-19 15:43:28,002 INFO o.s.b.w.e.t.TomcatWebServer [main] Tomcat initialized with port 8080 (http)
2026-08-19 15:43:28,022 INFO o.a.c.h.Http11NioProtocol [main] Initializing ProtocolHandler ["http-nio-8080"]
2026-08-19 15:43:28,026 INFO o.a.c.c.StandardService [main] Starting service [Tomcat]
2026-08-19 15:43:28,026 INFO o.a.c.c.StandardEngine [main] Starting Servlet engine: [Apache Tomcat/10.1.52]
2026-08-19 15:43:28,125 INFO o.a.c.c.C.[.[.[/] [main] Initializing Spring embedded WebApplicationContext
2026-08-19 15:43:28,126 INFO o.s.b.w.s.c.ServletWebServerApplicationContext [main] Root WebApplicationContext: initialization completed in 2620 ms
2026-08-19 15:43:28,413 INFO o.m.d.cluster [cluster-ClusterId{value='6a8581c8ce1508f91a824f3c', description='null'}-srv-vela.tkxsdpk.mongodb.net] Adding discovered server ac-pwzxuxu-shard-00-00.tkxsdpk.mongodb.net:27017 to client view of cluster
2026-08-19 15:43:28,464 INFO o.m.d.client [main] MongoClient with metadata {"driver": {"name": "mongo-java-driver|sync|spring-boot", "version": "5.5.2"}, "os": {"type": "Windows", "name": "Windows 11", "architecture": "amd64", "version": "10.0"}, "platform": "Java/Oracle Corporation/21.0.10+8-LTS-217"} created with settings MongoClientSettings{readPreference=primary, writeConcern=WriteConcern{w=majority, wTimeout=null ms, journal=null}, retryWrites=true, retryReads=true, readConcern=ReadConcern{level=null}, credential=MongoCredential{mechanism=null, userName='dhiren', source='admin', password=<hidden>, mechanismProperties=<hidden>}, transportSettings=null, commandListeners=[], codecRegistry=ProvidersCodecRegistry{codecProviders=[ValueCodecProvider{}, BsonValueCodecProvider{}, DBRefCodecProvider{}, DBObjectCodecProvider{}, DocumentCodecProvider{}, CollectionCodecProvider{}, IterableCodecProvider{}, MapCodecProvider{}, GeoJsonCodecProvider{}, GridFSFileCodecProvider{}, Jsr310CodecProvider{}, JsonObjectCodecProvider{}, BsonCodecProvider{}, EnumCodecProvider{}, com.mongodb.client.model.mql.ExpressionCodecProvider@3303e89e, com.mongodb.Jep395RecordCodecProvider@cec590c, com.mongodb.KotlinCodecProvider@1570cad0]}, loggerSettings=LoggerSettings{maxDocumentLength=1000}, clusterSettings={hosts=[127.0.0.1:27017], srvHost=vela.tkxsdpk.mongodb.net, srvServiceName=mongodb, mode=MULTIPLE, requiredClusterType=REPLICA_SET, requiredReplicaSetName='atlas-13gwxg-shard-0', serverSelector='null', clusterListeners='[]', serverSelectionTimeout='30000 ms', localThreshold='15 ms'}, socketSettings=SocketSettings{connectTimeoutMS=10000, readTimeoutMS=0, receiveBufferSize=0, proxySettings=ProxySettings{host=null, port=null, username=null, password=null}}, heartbeatSocketSettings=SocketSettings{connectTimeoutMS=10000, readTimeoutMS=10000, receiveBufferSize=0, proxySettings=ProxySettings{host=null, port=null, username=null, password=null}}, connectionPoolSettings=ConnectionPoolSettings{maxSize=100, minSize=0, maxWaitTimeMS=120000, maxConnectionLifeTimeMS=0, maxConnectionIdleTimeMS=0, maintenanceInitialDelayMS=0, maintenanceFrequencyMS=60000, connectionPoolListeners=[], maxConnecting=2}, serverSettings=ServerSettings{heartbeatFrequencyMS=10000, minHeartbeatFrequencyMS=500, serverMonitoringMode=AUTO, serverListeners='[]', serverMonitorListeners='[]'}, sslSettings=SslSettings{enabled=true, invalidHostNameAllowed=false, context=null}, applicationName='null', compressorList=[], uuidRepresentation=JAVA_LEGACY, serverApi=null, autoEncryptionSettings=null, dnsClient=null, inetAddressResolver=null, contextProvider=null, timeoutMS=null}
2026-08-19 15:43:28,470 INFO o.m.d.cluster [cluster-ClusterId{value='6a8581c8ce1508f91a824f3c', description='null'}-srv-vela.tkxsdpk.mongodb.net] Adding discovered server ac-pwzxuxu-shard-00-01.tkxsdpk.mongodb.net:27017 to client view of cluster
2026-08-19 15:43:28,476 INFO o.m.d.cluster [cluster-ClusterId{value='6a8581c8ce1508f91a824f3c', description='null'}-srv-vela.tkxsdpk.mongodb.net] Adding discovered server ac-pwzxuxu-shard-00-02.tkxsdpk.mongodb.net:27017 to client view of cluster
2026-08-19 15:43:29,001 INFO o.m.d.cluster [main] Waiting for server to become available for operation with ID 5. Remaining time: 29982 ms. Selector: WritableServerSelector, topology description: {type=REPLICA_SET, servers=[{address=ac-pwzxuxu-shard-00-00.tkxsdpk.mongodb.net:27017, type=UNKNOWN, state=CONNECTING}, {address=ac-pwzxuxu-shard-00-01.tkxsdpk.mongodb.net:27017, type=UNKNOWN, state=CONNECTING}, {address=ac-pwzxuxu-shard-00-02.tkxsdpk.mongodb.net:27017, type=UNKNOWN, state=CONNECTING}].
2026-08-19 15:43:29,100 INFO o.m.d.cluster [cluster-ClusterId{value='6a8581c8ce1508f91a824f3c', description='null'}-ac-pwzxuxu-shard-00-01.tkxsdpk.mongodb.net:27017] Monitor thread successfully connected to server with description ServerDescription{address=ac-pwzxuxu-shard-00-01.tkxsdpk.mongodb.net:27017, type=REPLICA_SET_PRIMARY, cryptd=false, state=CONNECTED, ok=true, minWireVersion=0, maxWireVersion=25, maxDocumentSize=16777216, logicalSessionTimeoutMinutes=30, roundTripTimeNanos=315876000, minRoundTripTimeNanos=0, setName='atlas-13gwxg-shard-0', canonicalAddress=ac-pwzxuxu-shard-00-01.tkxsdpk.mongodb.net:27017, hosts=[ac-pwzxuxu-shard-00-02.tkxsdpk.mongodb.net:27017, ac-pwzxuxu-shard-00-00.tkxsdpk.mongodb.net:27017, ac-pwzxuxu-shard-00-01.tkxsdpk.mongodb.net:27017], passives=[], arbiters=[], primary='ac-pwzxuxu-shard-00-01.tkxsdpk.mongodb.net:27017', tagSet=TagSet{[Tag{name='cacheState', value='READY'}, Tag{name='diskState', value='READY'}, Tag{name='nodeType', value='ELECTABLE'}, Tag{name='provider', value='AZURE'}, Tag{name='region', value='INDIA_CENTRAL'}, Tag{name='workloadType', value='OPERATIONAL'}]}, electionId=7fffffff00000000000001cb, setVersion=415, topologyVersion=TopologyVersion{processId=6a7a3259a49ce98341b01ffe, counter=10}, lastWriteDate=Wed Aug 19 15:43:28 IST 2026, lastUpdateTimeNanos=148384149855900}
2026-08-19 15:43:29,100 INFO o.m.d.cluster [cluster-ClusterId{value='6a8581c8ce1508f91a824f3c', description='null'}-ac-pwzxuxu-shard-00-02.tkxsdpk.mongodb.net:27017] Monitor thread successfully connected to server with description ServerDescription{address=ac-pwzxuxu-shard-00-02.tkxsdpk.mongodb.net:27017, type=REPLICA_SET_SECONDARY, cryptd=false, state=CONNECTED, ok=true, minWireVersion=0, maxWireVersion=25, maxDocumentSize=16777216, logicalSessionTimeoutMinutes=30, roundTripTimeNanos=319286000, minRoundTripTimeNanos=0, setName='atlas-13gwxg-shard-0', canonicalAddress=ac-pwzxuxu-shard-00-02.tkxsdpk.mongodb.net:27017, hosts=[ac-pwzxuxu-shard-00-02.tkxsdpk.mongodb.net:27017, ac-pwzxuxu-shard-00-00.tkxsdpk.mongodb.net:27017, ac-pwzxuxu-shard-00-01.tkxsdpk.mongodb.net:27017], passives=[], arbiters=[], primary='ac-pwzxuxu-shard-00-01.tkxsdpk.mongodb.net:27017', tagSet=TagSet{[Tag{name='cacheState', value='READY'}, Tag{name='diskState', value='READY'}, Tag{name='nodeType', value='ELECTABLE'}, Tag{name='provider', value='AZURE'}, Tag{name='region', value='INDIA_CENTRAL'}, Tag{name='workloadType', value='OPERATIONAL'}]}, electionId=null, setVersion=415, topologyVersion=TopologyVersion{processId=6a7a34d9d31996b1e8776014, counter=5}, lastWriteDate=Wed Aug 19 15:43:28 IST 2026, lastUpdateTimeNanos=148384149858100}
2026-08-19 15:43:29,102 INFO o.m.d.cluster [cluster-ClusterId{value='6a8581c8ce1508f91a824f3c', description='null'}-ac-pwzxuxu-shard-00-00.tkxsdpk.mongodb.net:27017] Monitor thread successfully connected to server with description ServerDescription{address=ac-pwzxuxu-shard-00-00.tkxsdpk.mongodb.net:27017, type=REPLICA_SET_SECONDARY, cryptd=false, state=CONNECTED, ok=true, minWireVersion=0, maxWireVersion=25, maxDocumentSize=16777216, logicalSessionTimeoutMinutes=30, roundTripTimeNanos=317475400, minRoundTripTimeNanos=0, setName='atlas-13gwxg-shard-0', canonicalAddress=ac-pwzxuxu-shard-00-00.tkxsdpk.mongodb.net:27017, hosts=[ac-pwzxuxu-shard-00-02.tkxsdpk.mongodb.net:27017, ac-pwzxuxu-shard-00-00.tkxsdpk.mongodb.net:27017, ac-pwzxuxu-shard-00-01.tkxsdpk.mongodb.net:27017], passives=[], arbiters=[], primary='ac-pwzxuxu-shard-00-01.tkxsdpk.mongodb.net:27017', tagSet=TagSet{[Tag{name='cacheState', value='READY'}, Tag{name='diskState', value='READY'}, Tag{name='nodeType', value='ELECTABLE'}, Tag{name='provider', value='AZURE'}, Tag{name='region', value='INDIA_CENTRAL'}, Tag{name='workloadType', value='OPERATIONAL'}]}, electionId=null, setVersion=415, topologyVersion=TopologyVersion{processId=6a7a303208088ee8ec208729, counter=10}, lastWriteDate=Wed Aug 19 15:43:28 IST 2026, lastUpdateTimeNanos=148384149860000}
2026-08-19 15:43:29,106 INFO o.m.d.cluster [cluster-ClusterId{value='6a8581c8ce1508f91a824f3c', description='null'}-ac-pwzxuxu-shard-00-01.tkxsdpk.mongodb.net:27017] Discovered replica set primary ac-pwzxuxu-shard-00-01.tkxsdpk.mongodb.net:27017 with max election id 7fffffff00000000000001cb and max set version 415
2026-08-19 15:43:31,032 INFO o.s.s.c.a.a.c.InitializeUserDetailsBeanManagerConfigurer$InitializeUserDetailsManagerConfigurer [main] Global AuthenticationManager configured with UserDetailsService bean with name userDetailsServiceImpl
2026-08-19 15:43:31,801 INFO o.a.c.h.Http11NioProtocol [main] Starting ProtocolHandler ["http-nio-8080"]
2026-08-19 15:43:31,819 INFO o.s.b.w.e.t.TomcatWebServer [main] Tomcat started on port 8080 (http) with context path '/'
2026-08-19 15:43:31,835 INFO c.v.g.GramStoreApplication [main] Started GramStoreApplication in 7.151 seconds (process running for 9.169)
2026-08-19 15:43:37,866 INFO o.a.c.c.C.[.[.[/] [http-nio-8080-exec-2] Initializing Spring DispatcherServlet 'dispatcherServlet'
2026-08-19 15:43:37,866 INFO o.s.w.s.DispatcherServlet [http-nio-8080-exec-2] Initializing Servlet 'dispatcherServlet'
2026-08-19 15:43:37,869 INFO o.s.w.s.DispatcherServlet [http-nio-8080-exec-2] Completed initialization in 3 ms
2026-08-19 15:44:26,681 INFO o.s.b.w.e.t.GracefulShutdown [SpringApplicationShutdownHook] Commencing graceful shutdown. Waiting for active requests to complete
2026-08-19 15:44:26,710 INFO o.s.b.w.e.t.GracefulShutdown [tomcat-shutdown] Graceful shutdown complete
2026-08-19 15:44:30,422 INFO o.h.v.i.u.Version [background-preinit] HV000001: Hibernate Validator 8.0.3.Final
2026-08-19 15:44:30,510 INFO c.v.g.GramStoreApplication [main] Starting GramStoreApplication using Java 21.0.10 with PID 2816 (C:\Users\dsiro\IdeaProjects\GramStore\target\classes started by dsiro in C:\Users\dsiro\IdeaProjects\GramStore)
2026-08-19 15:44:30,516 INFO c.v.g.GramStoreApplication [main] The following 1 profile is active: "dev"
2026-08-19 15:44:31,889 INFO o.s.d.r.c.RepositoryConfigurationDelegate [main] Multiple Spring Data modules found, entering strict repository configuration mode
2026-08-19 15:44:31,889 INFO o.s.d.r.c.RepositoryConfigurationDelegate [main] Bootstrapping Spring Data MongoDB repositories in DEFAULT mode.
2026-08-19 15:44:31,988 INFO o.s.d.r.c.RepositoryConfigurationDelegate [main] Finished Spring Data repository scanning in 72 ms. Found 0 MongoDB repository interfaces.
2026-08-19 15:44:32,031 INFO o.s.d.r.c.RepositoryConfigurationDelegate [main] Multiple Spring Data modules found, entering strict repository configuration mode
2026-08-19 15:44:32,031 INFO o.s.d.r.c.RepositoryConfigurationDelegate [main] Bootstrapping Spring Data Redis repositories in DEFAULT mode.
2026-08-19 15:44:32,099 INFO o.s.d.r.c.RepositoryConfigurationDelegate [main] Finished Spring Data repository scanning in 35 ms. Found 0 Redis repository interfaces.
2026-08-19 15:44:34,444 INFO o.s.b.w.e.t.TomcatWebServer [main] Tomcat initialized with port 8080 (http)
2026-08-19 15:44:34,484 INFO o.a.c.h.Http11NioProtocol [main] Initializing ProtocolHandler ["http-nio-8080"]
2026-08-19 15:44:34,494 INFO o.a.c.c.StandardService [main] Starting service [Tomcat]
2026-08-19 15:44:34,494 INFO o.a.c.c.StandardEngine [main] Starting Servlet engine: [Apache Tomcat/10.1.52]
2026-08-19 15:44:34,708 INFO o.a.c.c.C.[.[.[/] [main] Initializing Spring embedded WebApplicationContext
2026-08-19 15:44:34,708 INFO o.s.b.w.s.c.ServletWebServerApplicationContext [main] Root WebApplicationContext: initialization completed in 4115 ms
2026-08-19 15:44:35,217 INFO o.m.d.cluster [cluster-ClusterId{value='6a85820b3af6c4fde824e9cb', description='null'}-srv-vela.tkxsdpk.mongodb.net] Adding discovered server ac-pwzxuxu-shard-00-00.tkxsdpk.mongodb.net:27017 to client view of cluster
2026-08-19 15:44:35,321 INFO o.m.d.client [main] MongoClient with metadata {"driver": {"name": "mongo-java-driver|sync|spring-boot", "version": "5.5.2"}, "os": {"type": "Windows", "name": "Windows 11", "architecture": "amd64", "version": "10.0"}, "platform": "Java/Oracle Corporation/21.0.10+8-LTS-217"} created with settings MongoClientSettings{readPreference=primary, writeConcern=WriteConcern{w=majority, wTimeout=null ms, journal=null}, retryWrites=true, retryReads=true, readConcern=ReadConcern{level=null}, credential=MongoCredential{mechanism=null, userName='dhiren', source='admin', password=<hidden>, mechanismProperties=<hidden>}, transportSettings=null, commandListeners=[], codecRegistry=ProvidersCodecRegistry{codecProviders=[ValueCodecProvider{}, BsonValueCodecProvider{}, DBRefCodecProvider{}, DBObjectCodecProvider{}, DocumentCodecProvider{}, CollectionCodecProvider{}, IterableCodecProvider{}, MapCodecProvider{}, GeoJsonCodecProvider{}, GridFSFileCodecProvider{}, Jsr310CodecProvider{}, JsonObjectCodecProvider{}, BsonCodecProvider{}, EnumCodecProvider{}, com.mongodb.client.model.mql.ExpressionCodecProvider@d62472f, com.mongodb.Jep395RecordCodecProvider@63a84bb6, com.mongodb.KotlinCodecProvider@701d2b59]}, loggerSettings=LoggerSettings{maxDocumentLength=1000}, clusterSettings={hosts=[127.0.0.1:27017], srvHost=vela.tkxsdpk.mongodb.net, srvServiceName=mongodb, mode=MULTIPLE, requiredClusterType=REPLICA_SET, requiredReplicaSetName='atlas-13gwxg-shard-0', serverSelector='null', clusterListeners='[]', serverSelectionTimeout='30000 ms', localThreshold='15 ms'}, socketSettings=SocketSettings{connectTimeoutMS=10000, readTimeoutMS=0, receiveBufferSize=0, proxySettings=ProxySettings{host=null, port=null, username=null, password=null}}, heartbeatSocketSettings=SocketSettings{connectTimeoutMS=10000, readTimeoutMS=10000, receiveBufferSize=0, proxySettings=ProxySettings{host=null, port=null, username=null, password=null}}, connectionPoolSettings=ConnectionPoolSettings{maxSize=100, minSize=0, maxWaitTimeMS=120000, maxConnectionLifeTimeMS=0, maxConnectionIdleTimeMS=0, maintenanceInitialDelayMS=0, maintenanceFrequencyMS=60000, connectionPoolListeners=[], maxConnecting=2}, serverSettings=ServerSettings{heartbeatFrequencyMS=10000, minHeartbeatFrequencyMS=500, serverMonitoringMode=AUTO, serverListeners='[]', serverMonitorListeners='[]'}, sslSettings=SslSettings{enabled=true, invalidHostNameAllowed=false, context=null}, applicationName='null', compressorList=[], uuidRepresentation=JAVA_LEGACY, serverApi=null, autoEncryptionSettings=null, dnsClient=null, inetAddressResolver=null, contextProvider=null, timeoutMS=null}
2026-08-19 15:44:35,337 INFO o.m.d.cluster [cluster-ClusterId{value='6a85820b3af6c4fde824e9cb', description='null'}-srv-vela.tkxsdpk.mongodb.net] Adding discovered server ac-pwzxuxu-shard-00-01.tkxsdpk.mongodb.net:27017 to client view of cluster
2026-08-19 15:44:35,342 INFO o.m.d.cluster [cluster-ClusterId{value='6a85820b3af6c4fde824e9cb', description='null'}-srv-vela.tkxsdpk.mongodb.net] Adding discovered server ac-pwzxuxu-shard-00-02.tkxsdpk.mongodb.net:27017 to client view of cluster
2026-08-19 15:44:36,400 INFO o.m.d.cluster [main] Waiting for server to become available for operation with ID 5. Remaining time: 29970 ms. Selector: WritableServerSelector, topology description: {type=REPLICA_SET, servers=[{address=ac-pwzxuxu-shard-00-00.tkxsdpk.mongodb.net:27017, type=UNKNOWN, state=CONNECTING}, {address=ac-pwzxuxu-shard-00-01.tkxsdpk.mongodb.net:27017, type=UNKNOWN, state=CONNECTING}, {address=ac-pwzxuxu-shard-00-02.tkxsdpk.mongodb.net:27017, type=UNKNOWN, state=CONNECTING}].
2026-08-19 15:44:36,528 INFO o.m.d.cluster [cluster-ClusterId{value='6a85820b3af6c4fde824e9cb', description='null'}-ac-pwzxuxu-shard-00-02.tkxsdpk.mongodb.net:27017] Monitor thread successfully connected to server with description ServerDescription{address=ac-pwzxuxu-shard-00-02.tkxsdpk.mongodb.net:27017, type=REPLICA_SET_SECONDARY, cryptd=false, state=CONNECTED, ok=true, minWireVersion=0, maxWireVersion=25, maxDocumentSize=16777216, logicalSessionTimeoutMinutes=30, roundTripTimeNanos=605656500, minRoundTripTimeNanos=0, setName='atlas-13gwxg-shard-0', canonicalAddress=ac-pwzxuxu-shard-00-02.tkxsdpk.mongodb.net:27017, hosts=[ac-pwzxuxu-shard-00-02.tkxsdpk.mongodb.net:27017, ac-pwzxuxu-shard-00-00.tkxsdpk.mongodb.net:27017, ac-pwzxuxu-shard-00-01.tkxsdpk.mongodb.net:27017], passives=[], arbiters=[], primary='ac-pwzxuxu-shard-00-01.tkxsdpk.mongodb.net:27017', tagSet=TagSet{[Tag{name='cacheState', value='READY'}, Tag{name='diskState', value='READY'}, Tag{name='nodeType', value='ELECTABLE'}, Tag{name='provider', value='AZURE'}, Tag{name='region', value='INDIA_CENTRAL'}, Tag{name='workloadType', value='OPERATIONAL'}]}, electionId=null, setVersion=415, topologyVersion=TopologyVersion{processId=6a7a34d9d31996b1e8776014, counter=5}, lastWriteDate=Wed Aug 19 15:44:36 IST 2026, lastUpdateTimeNanos=148451581790700}
2026-08-19 15:44:36,528 INFO o.m.d.cluster [cluster-ClusterId{value='6a85820b3af6c4fde824e9cb', description='null'}-ac-pwzxuxu-shard-00-01.tkxsdpk.mongodb.net:27017] Monitor thread successfully connected to server with description ServerDescription{address=ac-pwzxuxu-shard-00-01.tkxsdpk.mongodb.net:27017, type=REPLICA_SET_PRIMARY, cryptd=false, state=CONNECTED, ok=true, minWireVersion=0, maxWireVersion=25, maxDocumentSize=16777216, logicalSessionTimeoutMinutes=30, roundTripTimeNanos=605193200, minRoundTripTimeNanos=0, setName='atlas-13gwxg-shard-0', canonicalAddress=ac-pwzxuxu-shard-00-01.tkxsdpk.mongodb.net:27017, hosts=[ac-pwzxuxu-shard-00-02.tkxsdpk.mongodb.net:27017, ac-pwzxuxu-shard-00-00.tkxsdpk.mongodb.net:27017, ac-pwzxuxu-shard-00-01.tkxsdpk.mongodb.net:27017], passives=[], arbiters=[], primary='ac-pwzxuxu-shard-00-01.tkxsdpk.mongodb.net:27017', tagSet=TagSet{[Tag{name='cacheState', value='READY'}, Tag{name='diskState', value='READY'}, Tag{name='nodeType', value='ELECTABLE'}, Tag{name='provider', value='AZURE'}, Tag{name='region', value='INDIA_CENTRAL'}, Tag{name='workloadType', value='OPERATIONAL'}]}, electionId=7fffffff00000000000001cb, setVersion=415, topologyVersion=TopologyVersion{processId=6a7a3259a49ce98341b01ffe, counter=10}, lastWriteDate=Wed Aug 19 15:44:36 GMT+05:30 2026, lastUpdateTimeNanos=148451581393100}
2026-08-19 15:44:36,528 INFO o.m.d.cluster [cluster-ClusterId{value='6a85820b3af6c4fde824e9cb', description='null'}-ac-pwzxuxu-shard-00-00.tkxsdpk.mongodb.net:27017] Monitor thread successfully connected to server with description ServerDescription{address=ac-pwzxuxu-shard-00-00.tkxsdpk.mongodb.net:27017, type=REPLICA_SET_SECONDARY, cryptd=false, state=CONNECTED, ok=true, minWireVersion=0, maxWireVersion=25, maxDocumentSize=16777216, logicalSessionTimeoutMinutes=30, roundTripTimeNanos=605262200, minRoundTripTimeNanos=0, setName='atlas-13gwxg-shard-0', canonicalAddress=ac-pwzxuxu-shard-00-00.tkxsdpk.mongodb.net:27017, hosts=[ac-pwzxuxu-shard-00-02.tkxsdpk.mongodb.net:27017, ac-pwzxuxu-shard-00-00.tkxsdpk.mongodb.net:27017, ac-pwzxuxu-shard-00-01.tkxsdpk.mongodb.net:27017], passives=[], arbiters=[], primary='ac-pwzxuxu-shard-00-01.tkxsdpk.mongodb.net:27017', tagSet=TagSet{[Tag{name='cacheState', value='READY'}, Tag{name='diskState', value='READY'}, Tag{name='nodeType', value='ELECTABLE'}, Tag{name='provider', value='AZURE'}, Tag{name='region', value='INDIA_CENTRAL'}, Tag{name='workloadType', value='OPERATIONAL'}]}, electionId=null, setVersion=415, topologyVersion=TopologyVersion{processId=6a7a303208088ee8ec208729, counter=10}, lastWriteDate=Wed Aug 19 15:44:36 GMT+05:30 2026, lastUpdateTimeNanos=148451581393000}
2026-08-19 15:44:36,544 INFO o.m.d.cluster [cluster-ClusterId{value='6a85820b3af6c4fde824e9cb', description='null'}-ac-pwzxuxu-shard-00-01.tkxsdpk.mongodb.net:27017] Discovered replica set primary ac-pwzxuxu-shard-00-01.tkxsdpk.mongodb.net:27017 with max election id 7fffffff00000000000001cb and max set version 415
2026-08-19 15:44:39,834 INFO o.s.s.c.a.a.c.InitializeUserDetailsBeanManagerConfigurer$InitializeUserDetailsManagerConfigurer [main] Global AuthenticationManager configured with UserDetailsService bean with name userDetailsServiceImpl
2026-08-19 15:44:41,380 INFO o.a.c.h.Http11NioProtocol [main] Starting ProtocolHandler ["http-nio-8080"]
2026-08-19 15:44:41,446 INFO o.s.b.w.e.t.TomcatWebServer [main] Tomcat started on port 8080 (http) with context path '/'
2026-08-19 15:44:41,470 INFO c.v.g.GramStoreApplication [main] Started GramStoreApplication in 11.731 seconds (process running for 13.066)
2026-08-19 15:46:50,631 INFO o.a.c.c.C.[.[.[/] [http-nio-8080-exec-2] Initializing Spring DispatcherServlet 'dispatcherServlet'
2026-08-19 15:46:50,631 INFO o.s.w.s.DispatcherServlet [http-nio-8080-exec-2] Initializing Servlet 'dispatcherServlet'
2026-08-19 15:46:50,638 INFO o.s.w.s.DispatcherServlet [http-nio-8080-exec-2] Completed initialization in 7 ms
2026-08-19 15:48:01,367 ERROR o.a.c.c.C.[.[.[.[dispatcherServlet] [http-nio-8080-exec-4] Servlet.service() for servlet [dispatcherServlet] in context with path [] threw exception [Request processing failed: org.springframework.expression.spel.SpelEvaluationException: EL1008E: Property or field 'ignoredUsername' cannot be found on object of type 'org.springframework.cache.interceptor.CacheExpressionRootObject' - maybe not public or not valid?] with root cause
org.springframework.expression.spel.SpelEvaluationException: EL1008E: Property or field 'ignoredUsername' cannot be found on object of type 'org.springframework.cache.interceptor.CacheExpressionRootObject' - maybe not public or not valid?
	at org.springframework.expression.spel.ast.PropertyOrFieldReference.readProperty(PropertyOrFieldReference.java:229)
	at org.springframework.expression.spel.ast.PropertyOrFieldReference.getValueInternal(PropertyOrFieldReference.java:112)
	at org.springframework.expression.spel.ast.PropertyOrFieldReference.getValueInternal(PropertyOrFieldReference.java:100)
	at org.springframework.expression.spel.ast.SpelNodeImpl.getValue(SpelNodeImpl.java:116)
	at org.springframework.expression.spel.standard.SpelExpression.getValue(SpelExpression.java:273)
	at org.springframework.cache.interceptor.CacheOperationExpressionEvaluator.key(CacheOperationExpressionEvaluator.java:106)
	at org.springframework.cache.interceptor.CacheAspectSupport$CacheOperationContext.generateKey(CacheAspectSupport.java:969)
	at org.springframework.cache.interceptor.CacheAspectSupport.generateKey(CacheAspectSupport.java:759)
	at org.springframework.cache.interceptor.CacheAspectSupport.performCacheEvicts(CacheAspectSupport.java:715)
	at org.springframework.cache.interceptor.CacheAspectSupport.processCacheEvicts(CacheAspectSupport.java:699)
	at org.springframework.cache.interceptor.CacheAspectSupport.evaluate(CacheAspectSupport.java:623)
	at org.springframework.cache.interceptor.CacheAspectSupport.execute(CacheAspectSupport.java:448)
	at org.springframework.cache.interceptor.CacheAspectSupport.execute(CacheAspectSupport.java:410)
	at org.springframework.cache.interceptor.CacheInterceptor.invoke(CacheInterceptor.java:65)
	at org.springframework.aop.framework.ReflectiveMethodInvocation.proceed(ReflectiveMethodInvocation.java:184)
	at org.springframework.aop.framework.CglibAopProxy$DynamicAdvisedInterceptor.intercept(CglibAopProxy.java:728)
	at com.vela.gramstore.service.UserService$$SpringCGLIB$$0.saveToken(<generated>)
	at com.vela.gramstore.service.AuthService.generateUserToken(AuthService.java:188)
	at java.base/jdk.internal.reflect.DirectMethodHandleAccessor.invoke(DirectMethodHandleAccessor.java:103)
	at java.base/java.lang.reflect.Method.invoke(Method.java:580)
	at org.springframework.aop.support.AopUtils.invokeJoinpointUsingReflection(AopUtils.java:360)
	at org.springframework.aop.framework.CglibAopProxy$DynamicAdvisedInterceptor.intercept(CglibAopProxy.java:724)
	at com.vela.gramstore.service.AuthService$$SpringCGLIB$$0.generateUserToken(<generated>)
	at com.vela.gramstore.controller.AuthController.generate(AuthController.java:76)
	at java.base/jdk.internal.reflect.DirectMethodHandleAccessor.invoke(DirectMethodHandleAccessor.java:103)
	at java.base/java.lang.reflect.Method.invoke(Method.java:580)
	at org.springframework.web.method.support.InvocableHandlerMethod.doInvoke(InvocableHandlerMethod.java:258)
	at org.springframework.web.method.support.InvocableHandlerMethod.invokeForRequest(InvocableHandlerMethod.java:191)
	at org.springframework.web.servlet.mvc.method.annotation.ServletInvocableHandlerMethod.invokeAndHandle(ServletInvocableHandlerMethod.java:118)
	at org.springframework.web.servlet.mvc.method.annotation.RequestMappingHandlerAdapter.invokeHandlerMethod(RequestMappingHandlerAdapter.java:991)
	at org.springframework.web.servlet.mvc.method.annotation.RequestMappingHandlerAdapter.handleInternal(RequestMappingHandlerAdapter.java:896)
	at org.springframework.web.servlet.mvc.method.AbstractHandlerMethodAdapter.handle(AbstractHandlerMethodAdapter.java:87)
	at org.springframework.web.servlet.DispatcherServlet.doDispatch(DispatcherServlet.java:1089)
	at org.springframework.web.servlet.DispatcherServlet.doService(DispatcherServlet.java:979)
	at org.springframework.web.servlet.FrameworkServlet.processRequest(FrameworkServlet.java:1014)
	at org.springframework.web.servlet.FrameworkServlet.doPost(FrameworkServlet.java:914)
	at jakarta.servlet.http.HttpServlet.service(HttpServlet.java:590)
	at org.springframework.web.servlet.FrameworkServlet.service(FrameworkServlet.java:885)
	at jakarta.servlet.http.HttpServlet.service(HttpServlet.java:658)
	at org.apache.catalina.core.ApplicationFilterChain.internalDoFilter(ApplicationFilterChain.java:193)
	at org.apache.catalina.core.ApplicationFilterChain.doFilter(ApplicationFilterChain.java:138)
	at org.apache.tomcat.websocket.server.WsFilter.doFilter(WsFilter.java:51)
	at org.apache.catalina.core.ApplicationFilterChain.internalDoFilter(ApplicationFilterChain.java:162)
	at org.apache.catalina.core.ApplicationFilterChain.doFilter(ApplicationFilterChain.java:138)
	at org.springframework.web.filter.OncePerRequestFilter.doFilter(OncePerRequestFilter.java:110)
	at org.apache.catalina.core.ApplicationFilterChain.internalDoFilter(ApplicationFilterChain.java:162)
	at org.apache.catalina.core.ApplicationFilterChain.doFilter(ApplicationFilterChain.java:138)
	at org.springframework.web.filter.OncePerRequestFilter.doFilter(OncePerRequestFilter.java:110)
	at org.apache.catalina.core.ApplicationFilterChain.internalDoFilter(ApplicationFilterChain.java:162)
	at org.apache.catalina.core.ApplicationFilterChain.doFilter(ApplicationFilterChain.java:138)
	at org.springframework.web.filter.CompositeFilter$VirtualFilterChain.doFilter(CompositeFilter.java:108)
	at org.springframework.web.filter.CompositeFilter$VirtualFilterChain.doFilter(CompositeFilter.java:108)
	at org.springframework.security.web.FilterChainProxy.lambda$doFilterInternal$3(FilterChainProxy.java:231)
	at org.springframework.security.web.FilterChainProxy$VirtualFilterChain.doFilter(FilterChainProxy.java:365)
	at org.springframework.security.web.access.intercept.AuthorizationFilter.doFilter(AuthorizationFilter.java:101)
	at org.springframework.security.web.FilterChainProxy$VirtualFilterChain.doFilter(FilterChainProxy.java:374)
	at org.springframework.security.web.access.ExceptionTranslationFilter.doFilter(ExceptionTranslationFilter.java:125)
	at org.springframework.security.web.access.ExceptionTranslationFilter.doFilter(ExceptionTranslationFilter.java:119)
	at org.springframework.security.web.FilterChainProxy$VirtualFilterChain.doFilter(FilterChainProxy.java:374)
	at org.springframework.security.web.session.SessionManagementFilter.doFilter(SessionManagementFilter.java:131)
	at org.springframework.security.web.session.SessionManagementFilter.doFilter(SessionManagementFilter.java:85)
	at org.springframework.security.web.FilterChainProxy$VirtualFilterChain.doFilter(FilterChainProxy.java:374)
	at org.springframework.security.web.authentication.AnonymousAuthenticationFilter.doFilter(AnonymousAuthenticationFilter.java:100)
	at org.springframework.security.web.FilterChainProxy$VirtualFilterChain.doFilter(FilterChainProxy.java:374)
	at org.springframework.security.web.servletapi.SecurityContextHolderAwareRequestFilter.doFilter(SecurityContextHolderAwareRequestFilter.java:179)
	at org.springframework.security.web.FilterChainProxy$VirtualFilterChain.doFilter(FilterChainProxy.java:374)
	at org.springframework.security.web.savedrequest.RequestCacheAwareFilter.doFilter(RequestCacheAwareFilter.java:63)
	at org.springframework.security.web.FilterChainProxy$VirtualFilterChain.doFilter(FilterChainProxy.java:374)
	at com.vela.gramstore.security.filter.EmailVerificationFilter.doFilterInternal(EmailVerificationFilter.java:66)
	at org.springframework.web.filter.OncePerRequestFilter.doFilter(OncePerRequestFilter.java:116)
	at org.springframework.security.web.FilterChainProxy$VirtualFilterChain.doFilter(FilterChainProxy.java:374)
	at org.springframework.web.filter.OncePerRequestFilter.doFilter(OncePerRequestFilter.java:110)
	at org.springframework.security.web.FilterChainProxy$VirtualFilterChain.doFilter(FilterChainProxy.java:374)
	at com.vela.gramstore.security.filter.AuthFilter.doFilterInternal(AuthFilter.java:47)
	at org.springframework.web.filter.OncePerRequestFilter.doFilter(OncePerRequestFilter.java:116)
	at org.springframework.security.web.FilterChainProxy$VirtualFilterChain.doFilter(FilterChainProxy.java:374)
	at org.springframework.security.web.authentication.logout.LogoutFilter.doFilter(LogoutFilter.java:107)
	at org.springframework.security.web.authentication.logout.LogoutFilter.doFilter(LogoutFilter.java:93)
	at org.springframework.security.web.FilterChainProxy$VirtualFilterChain.doFilter(FilterChainProxy.java:374)
	at org.springframework.web.filter.CorsFilter.doFilterInternal(CorsFilter.java:91)
	at org.springframework.web.filter.OncePerRequestFilter.doFilter(OncePerRequestFilter.java:116)
	at org.springframework.security.web.FilterChainProxy$VirtualFilterChain.doFilter(FilterChainProxy.java:374)
	at org.springframework.security.web.header.HeaderWriterFilter.doHeadersAfter(HeaderWriterFilter.java:90)
	at org.springframework.security.web.header.HeaderWriterFilter.doFilterInternal(HeaderWriterFilter.java:75)
	at org.springframework.web.filter.OncePerRequestFilter.doFilter(OncePerRequestFilter.java:116)
	at org.springframework.security.web.FilterChainProxy$VirtualFilterChain.doFilter(FilterChainProxy.java:374)
	at org.springframework.security.web.context.SecurityContextHolderFilter.doFilter(SecurityContextHolderFilter.java:82)
	at org.springframework.security.web.context.SecurityContextHolderFilter.doFilter(SecurityContextHolderFilter.java:69)
	at org.springframework.security.web.FilterChainProxy$VirtualFilterChain.doFilter(FilterChainProxy.java:374)
	at org.springframework.security.web.context.request.async.WebAsyncManagerIntegrationFilter.doFilterInternal(WebAsyncManagerIntegrationFilter.java:62)
	at org.springframework.web.filter.OncePerRequestFilter.doFilter(OncePerRequestFilter.java:116)
	at org.springframework.security.web.FilterChainProxy$VirtualFilterChain.doFilter(FilterChainProxy.java:374)
	at org.springframework.security.web.session.DisableEncodeUrlFilter.doFilterInternal(DisableEncodeUrlFilter.java:42)
	at org.springframework.web.filter.OncePerRequestFilter.doFilter(OncePerRequestFilter.java:116)
	at org.springframework.security.web.FilterChainProxy$VirtualFilterChain.doFilter(FilterChainProxy.java:374)
	at org.springframework.security.web.FilterChainProxy.doFilterInternal(FilterChainProxy.java:233)
	at org.springframework.security.web.FilterChainProxy.doFilter(FilterChainProxy.java:191)
	at org.springframework.web.filter.CompositeFilter$VirtualFilterChain.doFilter(CompositeFilter.java:113)
	at org.springframework.web.filter.ServletRequestPathFilter.doFilter(ServletRequestPathFilter.java:52)
	at org.springframework.web.filter.CompositeFilter$VirtualFilterChain.doFilter(CompositeFilter.java:113)
	at org.springframework.web.filter.CompositeFilter.doFilter(CompositeFilter.java:74)
	at org.springframework.security.config.annotation.web.configuration.WebSecurityConfiguration$CompositeFilterChainProxy.doFilter(WebSecurityConfiguration.java:319)
	at org.springframework.web.filter.CompositeFilter$VirtualFilterChain.doFilter(CompositeFilter.java:113)
	at org.springframework.web.servlet.handler.HandlerMappingIntrospector.lambda$createCacheFilter$4(HandlerMappingIntrospector.java:267)
	at org.springframework.web.filter.CompositeFilter$VirtualFilterChain.doFilter(CompositeFilter.java:113)
	at org.springframework.web.filter.CompositeFilter.doFilter(CompositeFilter.java:74)
	at org.springframework.security.config.annotation.web.configuration.WebMvcSecurityConfiguration$CompositeFilterChainProxy.doFilter(WebMvcSecurityConfiguration.java:240)
	at org.springframework.web.filter.DelegatingFilterProxy.invokeDelegate(DelegatingFilterProxy.java:362)
	at org.springframework.web.filter.DelegatingFilterProxy.doFilter(DelegatingFilterProxy.java:278)
	at org.apache.catalina.core.ApplicationFilterChain.internalDoFilter(ApplicationFilterChain.java:162)
	at org.apache.catalina.core.ApplicationFilterChain.doFilter(ApplicationFilterChain.java:138)
	at org.springframework.web.filter.RequestContextFilter.doFilterInternal(RequestContextFilter.java:100)
	at org.springframework.web.filter.OncePerRequestFilter.doFilter(OncePerRequestFilter.java:116)
	at org.apache.catalina.core.ApplicationFilterChain.internalDoFilter(ApplicationFilterChain.java:162)
	at org.apache.catalina.core.ApplicationFilterChain.doFilter(ApplicationFilterChain.java:138)
	at org.springframework.web.filter.FormContentFilter.doFilterInternal(FormContentFilter.java:93)
	at org.springframework.web.filter.OncePerRequestFilter.doFilter(OncePerRequestFilter.java:116)
	at org.apache.catalina.core.ApplicationFilterChain.internalDoFilter(ApplicationFilterChain.java:162)
	at org.apache.catalina.core.ApplicationFilterChain.doFilter(ApplicationFilterChain.java:138)
	at org.springframework.web.filter.CharacterEncodingFilter.doFilterInternal(CharacterEncodingFilter.java:201)
	at org.springframework.web.filter.OncePerRequestFilter.doFilter(OncePerRequestFilter.java:116)
	at org.apache.catalina.core.ApplicationFilterChain.internalDoFilter(ApplicationFilterChain.java:162)
	at org.apache.catalina.core.ApplicationFilterChain.doFilter(ApplicationFilterChain.java:138)
	at org.apache.catalina.core.StandardWrapperValve.invoke(StandardWrapperValve.java:165)
	at org.apache.catalina.core.StandardContextValve.invoke(StandardContextValve.java:88)
	at org.apache.catalina.authenticator.AuthenticatorBase.invoke(AuthenticatorBase.java:492)
	at org.apache.catalina.core.StandardHostValve.invoke(StandardHostValve.java:113)
	at org.apache.catalina.valves.ErrorReportValve.invoke(ErrorReportValve.java:83)
	at org.apache.catalina.core.StandardEngineValve.invoke(StandardEngineValve.java:72)
	at org.apache.catalina.valves.RemoteIpValve.invoke(RemoteIpValve.java:733)
	at org.apache.catalina.connector.CoyoteAdapter.service(CoyoteAdapter.java:342)
	at org.apache.coyote.http11.Http11Processor.service(Http11Processor.java:399)
	at org.apache.coyote.AbstractProcessorLight.process(AbstractProcessorLight.java:63)
	at org.apache.coyote.AbstractProtocol$ConnectionHandler.process(AbstractProtocol.java:903)
	at org.apache.tomcat.util.net.NioEndpoint$SocketProcessor.doRun(NioEndpoint.java:1775)
	at org.apache.tomcat.util.net.SocketProcessorBase.run(SocketProcessorBase.java:52)
	at org.apache.tomcat.util.threads.ThreadPoolExecutor.runWorker(ThreadPoolExecutor.java:973)
	at org.apache.tomcat.util.threads.ThreadPoolExecutor$Worker.run(ThreadPoolExecutor.java:491)
	at org.apache.tomcat.util.threads.TaskThread$WrappingRunnable.run(TaskThread.java:63)
	at java.base/java.lang.Thread.run(Thread.java:1583)
2026-08-19 15:48:47,365 INFO o.s.b.w.e.t.GracefulShutdown [SpringApplicationShutdownHook] Commencing graceful shutdown. Waiting for active requests to complete
2026-08-19 15:48:47,386 INFO o.s.b.w.e.t.GracefulShutdown [tomcat-shutdown] Graceful shutdown complete
2026-08-19 15:50:28,330 INFO o.h.v.i.u.Version [background-preinit] HV000001: Hibernate Validator 8.0.3.Final
2026-08-19 15:50:28,410 INFO c.v.g.GramStoreApplication [main] Starting GramStoreApplication using Java 21.0.10 with PID 18768 (C:\Users\dsiro\IdeaProjects\GramStore\target\classes started by dsiro in C:\Users\dsiro\IdeaProjects\GramStore)
2026-08-19 15:50:28,411 INFO c.v.g.GramStoreApplication [main] The following 1 profile is active: "dev"
2026-08-19 15:50:29,462 INFO o.s.d.r.c.RepositoryConfigurationDelegate [main] Multiple Spring Data modules found, entering strict repository configuration mode
2026-08-19 15:50:29,464 INFO o.s.d.r.c.RepositoryConfigurationDelegate [main] Bootstrapping Spring Data MongoDB repositories in DEFAULT mode.
2026-08-19 15:50:29,498 INFO o.s.d.r.c.RepositoryConfigurationDelegate [main] Finished Spring Data repository scanning in 27 ms. Found 0 MongoDB repository interfaces.
2026-08-19 15:50:29,517 INFO o.s.d.r.c.RepositoryConfigurationDelegate [main] Multiple Spring Data modules found, entering strict repository configuration mode
2026-08-19 15:50:29,519 INFO o.s.d.r.c.RepositoryConfigurationDelegate [main] Bootstrapping Spring Data Redis repositories in DEFAULT mode.
2026-08-19 15:50:29,545 INFO o.s.d.r.c.RepositoryConfigurationDelegate [main] Finished Spring Data repository scanning in 12 ms. Found 0 Redis repository interfaces.
2026-08-19 15:50:30,434 INFO o.s.b.w.e.t.TomcatWebServer [main] Tomcat initialized with port 8080 (http)
2026-08-19 15:50:30,449 INFO o.a.c.h.Http11NioProtocol [main] Initializing ProtocolHandler ["http-nio-8080"]
2026-08-19 15:50:30,452 INFO o.a.c.c.StandardService [main] Starting service [Tomcat]
2026-08-19 15:50:30,452 INFO o.a.c.c.StandardEngine [main] Starting Servlet engine: [Apache Tomcat/10.1.52]
2026-08-19 15:50:30,542 INFO o.a.c.c.C.[.[.[/] [main] Initializing Spring embedded WebApplicationContext
2026-08-19 15:50:30,543 INFO o.s.b.w.s.c.ServletWebServerApplicationContext [main] Root WebApplicationContext: initialization completed in 2047 ms
2026-08-19 15:50:30,780 INFO o.m.d.cluster [cluster-ClusterId{value='6a85836ee5bfdf502a8d76e8', description='null'}-srv-vela.tkxsdpk.mongodb.net] Adding discovered server ac-pwzxuxu-shard-00-00.tkxsdpk.mongodb.net:27017 to client view of cluster
2026-08-19 15:50:30,810 INFO o.m.d.client [main] MongoClient with metadata {"driver": {"name": "mongo-java-driver|sync|spring-boot", "version": "5.5.2"}, "os": {"type": "Windows", "name": "Windows 11", "architecture": "amd64", "version": "10.0"}, "platform": "Java/Oracle Corporation/21.0.10+8-LTS-217"} created with settings MongoClientSettings{readPreference=primary, writeConcern=WriteConcern{w=majority, wTimeout=null ms, journal=null}, retryWrites=true, retryReads=true, readConcern=ReadConcern{level=null}, credential=MongoCredential{mechanism=null, userName='dhiren', source='admin', password=<hidden>, mechanismProperties=<hidden>}, transportSettings=null, commandListeners=[], codecRegistry=ProvidersCodecRegistry{codecProviders=[ValueCodecProvider{}, BsonValueCodecProvider{}, DBRefCodecProvider{}, DBObjectCodecProvider{}, DocumentCodecProvider{}, CollectionCodecProvider{}, IterableCodecProvider{}, MapCodecProvider{}, GeoJsonCodecProvider{}, GridFSFileCodecProvider{}, Jsr310CodecProvider{}, JsonObjectCodecProvider{}, BsonCodecProvider{}, EnumCodecProvider{}, com.mongodb.client.model.mql.ExpressionCodecProvider@e26a3df, com.mongodb.Jep395RecordCodecProvider@57a667c8, com.mongodb.KotlinCodecProvider@712cd5d3]}, loggerSettings=LoggerSettings{maxDocumentLength=1000}, clusterSettings={hosts=[127.0.0.1:27017], srvHost=vela.tkxsdpk.mongodb.net, srvServiceName=mongodb, mode=MULTIPLE, requiredClusterType=REPLICA_SET, requiredReplicaSetName='atlas-13gwxg-shard-0', serverSelector='null', clusterListeners='[]', serverSelectionTimeout='30000 ms', localThreshold='15 ms'}, socketSettings=SocketSettings{connectTimeoutMS=10000, readTimeoutMS=0, receiveBufferSize=0, proxySettings=ProxySettings{host=null, port=null, username=null, password=null}}, heartbeatSocketSettings=SocketSettings{connectTimeoutMS=10000, readTimeoutMS=10000, receiveBufferSize=0, proxySettings=ProxySettings{host=null, port=null, username=null, password=null}}, connectionPoolSettings=ConnectionPoolSettings{maxSize=100, minSize=0, maxWaitTimeMS=120000, maxConnectionLifeTimeMS=0, maxConnectionIdleTimeMS=0, maintenanceInitialDelayMS=0, maintenanceFrequencyMS=60000, connectionPoolListeners=[], maxConnecting=2}, serverSettings=ServerSettings{heartbeatFrequencyMS=10000, minHeartbeatFrequencyMS=500, serverMonitoringMode=AUTO, serverListeners='[]', serverMonitorListeners='[]'}, sslSettings=SslSettings{enabled=true, invalidHostNameAllowed=false, context=null}, applicationName='null', compressorList=[], uuidRepresentation=JAVA_LEGACY, serverApi=null, autoEncryptionSettings=null, dnsClient=null, inetAddressResolver=null, contextProvider=null, timeoutMS=null}
2026-08-19 15:50:30,817 INFO o.m.d.cluster [cluster-ClusterId{value='6a85836ee5bfdf502a8d76e8', description='null'}-srv-vela.tkxsdpk.mongodb.net] Adding discovered server ac-pwzxuxu-shard-00-01.tkxsdpk.mongodb.net:27017 to client view of cluster
2026-08-19 15:50:30,821 INFO o.m.d.cluster [cluster-ClusterId{value='6a85836ee5bfdf502a8d76e8', description='null'}-srv-vela.tkxsdpk.mongodb.net] Adding discovered server ac-pwzxuxu-shard-00-02.tkxsdpk.mongodb.net:27017 to client view of cluster
2026-08-19 15:50:31,202 INFO o.m.d.cluster [main] Waiting for server to become available for operation with ID 5. Remaining time: 29993 ms. Selector: WritableServerSelector, topology description: {type=REPLICA_SET, servers=[{address=ac-pwzxuxu-shard-00-00.tkxsdpk.mongodb.net:27017, type=UNKNOWN, state=CONNECTING}, {address=ac-pwzxuxu-shard-00-01.tkxsdpk.mongodb.net:27017, type=UNKNOWN, state=CONNECTING}, {address=ac-pwzxuxu-shard-00-02.tkxsdpk.mongodb.net:27017, type=UNKNOWN, state=CONNECTING}].
2026-08-19 15:50:31,342 INFO o.m.d.cluster [cluster-ClusterId{value='6a85836ee5bfdf502a8d76e8', description='null'}-ac-pwzxuxu-shard-00-02.tkxsdpk.mongodb.net:27017] Monitor thread successfully connected to server with description ServerDescription{address=ac-pwzxuxu-shard-00-02.tkxsdpk.mongodb.net:27017, type=REPLICA_SET_SECONDARY, cryptd=false, state=CONNECTED, ok=true, minWireVersion=0, maxWireVersion=25, maxDocumentSize=16777216, logicalSessionTimeoutMinutes=30, roundTripTimeNanos=278633600, minRoundTripTimeNanos=0, setName='atlas-13gwxg-shard-0', canonicalAddress=ac-pwzxuxu-shard-00-02.tkxsdpk.mongodb.net:27017, hosts=[ac-pwzxuxu-shard-00-02.tkxsdpk.mongodb.net:27017, ac-pwzxuxu-shard-00-00.tkxsdpk.mongodb.net:27017, ac-pwzxuxu-shard-00-01.tkxsdpk.mongodb.net:27017], passives=[], arbiters=[], primary='ac-pwzxuxu-shard-00-01.tkxsdpk.mongodb.net:27017', tagSet=TagSet{[Tag{name='cacheState', value='READY'}, Tag{name='diskState', value='READY'}, Tag{name='nodeType', value='ELECTABLE'}, Tag{name='provider', value='AZURE'}, Tag{name='region', value='INDIA_CENTRAL'}, Tag{name='workloadType', value='OPERATIONAL'}]}, electionId=null, setVersion=415, topologyVersion=TopologyVersion{processId=6a7a34d9d31996b1e8776014, counter=5}, lastWriteDate=Wed Aug 19 15:50:30 IST 2026, lastUpdateTimeNanos=148806395230500}
2026-08-19 15:50:31,342 INFO o.m.d.cluster [cluster-ClusterId{value='6a85836ee5bfdf502a8d76e8', description='null'}-ac-pwzxuxu-shard-00-00.tkxsdpk.mongodb.net:27017] Monitor thread successfully connected to server with description ServerDescription{address=ac-pwzxuxu-shard-00-00.tkxsdpk.mongodb.net:27017, type=REPLICA_SET_SECONDARY, cryptd=false, state=CONNECTED, ok=true, minWireVersion=0, maxWireVersion=25, maxDocumentSize=16777216, logicalSessionTimeoutMinutes=30, roundTripTimeNanos=275212300, minRoundTripTimeNanos=0, setName='atlas-13gwxg-shard-0', canonicalAddress=ac-pwzxuxu-shard-00-00.tkxsdpk.mongodb.net:27017, hosts=[ac-pwzxuxu-shard-00-02.tkxsdpk.mongodb.net:27017, ac-pwzxuxu-shard-00-00.tkxsdpk.mongodb.net:27017, ac-pwzxuxu-shard-00-01.tkxsdpk.mongodb.net:27017], passives=[], arbiters=[], primary='ac-pwzxuxu-shard-00-01.tkxsdpk.mongodb.net:27017', tagSet=TagSet{[Tag{name='cacheState', value='READY'}, Tag{name='diskState', value='READY'}, Tag{name='nodeType', value='ELECTABLE'}, Tag{name='provider', value='AZURE'}, Tag{name='region', value='INDIA_CENTRAL'}, Tag{name='workloadType', value='OPERATIONAL'}]}, electionId=null, setVersion=415, topologyVersion=TopologyVersion{processId=6a7a303208088ee8ec208729, counter=10}, lastWriteDate=Wed Aug 19 15:50:30 IST 2026, lastUpdateTimeNanos=148806395230400}
2026-08-19 15:50:31,342 INFO o.m.d.cluster [cluster-ClusterId{value='6a85836ee5bfdf502a8d76e8', description='null'}-ac-pwzxuxu-shard-00-01.tkxsdpk.mongodb.net:27017] Monitor thread successfully connected to server with description ServerDescription{address=ac-pwzxuxu-shard-00-01.tkxsdpk.mongodb.net:27017, type=REPLICA_SET_PRIMARY, cryptd=false, state=CONNECTED, ok=true, minWireVersion=0, maxWireVersion=25, maxDocumentSize=16777216, logicalSessionTimeoutMinutes=30, roundTripTimeNanos=279961000, minRoundTripTimeNanos=0, setName='atlas-13gwxg-shard-0', canonicalAddress=ac-pwzxuxu-shard-00-01.tkxsdpk.mongodb.net:27017, hosts=[ac-pwzxuxu-shard-00-02.tkxsdpk.mongodb.net:27017, ac-pwzxuxu-shard-00-00.tkxsdpk.mongodb.net:27017, ac-pwzxuxu-shard-00-01.tkxsdpk.mongodb.net:27017], passives=[], arbiters=[], primary='ac-pwzxuxu-shard-00-01.tkxsdpk.mongodb.net:27017', tagSet=TagSet{[Tag{name='cacheState', value='READY'}, Tag{name='diskState', value='READY'}, Tag{name='nodeType', value='ELECTABLE'}, Tag{name='provider', value='AZURE'}, Tag{name='region', value='INDIA_CENTRAL'}, Tag{name='workloadType', value='OPERATIONAL'}]}, electionId=7fffffff00000000000001cb, setVersion=415, topologyVersion=TopologyVersion{processId=6a7a3259a49ce98341b01ffe, counter=10}, lastWriteDate=Wed Aug 19 15:50:30 IST 2026, lastUpdateTimeNanos=148806395453200}
2026-08-19 15:50:31,347 INFO o.m.d.cluster [cluster-ClusterId{value='6a85836ee5bfdf502a8d76e8', description='null'}-ac-pwzxuxu-shard-00-01.tkxsdpk.mongodb.net:27017] Discovered replica set primary ac-pwzxuxu-shard-00-01.tkxsdpk.mongodb.net:27017 with max election id 7fffffff00000000000001cb and max set version 415
2026-08-19 15:50:32,967 INFO o.s.s.c.a.a.c.InitializeUserDetailsBeanManagerConfigurer$InitializeUserDetailsManagerConfigurer [main] Global AuthenticationManager configured with UserDetailsService bean with name userDetailsServiceImpl
2026-08-19 15:50:33,544 INFO o.a.c.h.Http11NioProtocol [main] Starting ProtocolHandler ["http-nio-8080"]
2026-08-19 15:50:33,558 INFO o.s.b.w.e.t.TomcatWebServer [main] Tomcat started on port 8080 (http) with context path '/'
2026-08-19 15:50:33,571 INFO c.v.g.GramStoreApplication [main] Started GramStoreApplication in 5.786 seconds (process running for 6.728)
2026-08-19 15:50:52,537 INFO o.a.c.c.C.[.[.[/] [http-nio-8080-exec-1] Initializing Spring DispatcherServlet 'dispatcherServlet'
2026-08-19 15:50:52,537 INFO o.s.w.s.DispatcherServlet [http-nio-8080-exec-1] Initializing Servlet 'dispatcherServlet'
2026-08-19 15:50:52,537 INFO o.s.w.s.DispatcherServlet [http-nio-8080-exec-1] Completed initialization in 0 ms
2026-08-19 15:52:08,104 INFO o.s.b.w.e.t.GracefulShutdown [SpringApplicationShutdownHook] Commencing graceful shutdown. Waiting for active requests to complete
2026-08-19 15:52:08,128 INFO o.s.b.w.e.t.GracefulShutdown [tomcat-shutdown] Graceful shutdown complete
2026-08-19 18:19:59,726 INFO o.h.v.i.u.Version [background-preinit] HV000001: Hibernate Validator 8.0.3.Final
2026-08-19 18:19:59,788 INFO c.v.g.GramStoreApplication [main] Starting GramStoreApplication using Java 21.0.10 with PID 13152 (C:\Users\dsiro\IdeaProjects\GramStore\target\classes started by dsiro in C:\Users\dsiro\IdeaProjects\GramStore)
2026-08-19 18:19:59,790 INFO c.v.g.GramStoreApplication [main] The following 1 profile is active: "dev"
2026-08-19 18:20:00,767 INFO o.s.d.r.c.RepositoryConfigurationDelegate [main] Multiple Spring Data modules found, entering strict repository configuration mode
2026-08-19 18:20:00,769 INFO o.s.d.r.c.RepositoryConfigurationDelegate [main] Bootstrapping Spring Data MongoDB repositories in DEFAULT mode.
2026-08-19 18:20:00,805 INFO o.s.d.r.c.RepositoryConfigurationDelegate [main] Finished Spring Data repository scanning in 29 ms. Found 0 MongoDB repository interfaces.
2026-08-19 18:20:00,820 INFO o.s.d.r.c.RepositoryConfigurationDelegate [main] Multiple Spring Data modules found, entering strict repository configuration mode
2026-08-19 18:20:00,821 INFO o.s.d.r.c.RepositoryConfigurationDelegate [main] Bootstrapping Spring Data Redis repositories in DEFAULT mode.
2026-08-19 18:20:00,843 INFO o.s.d.r.c.RepositoryConfigurationDelegate [main] Finished Spring Data repository scanning in 12 ms. Found 0 Redis repository interfaces.
2026-08-19 18:20:01,670 INFO o.s.b.w.e.t.TomcatWebServer [main] Tomcat initialized with port 8080 (http)
2026-08-19 18:20:01,685 INFO o.a.c.h.Http11NioProtocol [main] Initializing ProtocolHandler ["http-nio-8080"]
2026-08-19 18:20:01,687 INFO o.a.c.c.StandardService [main] Starting service [Tomcat]
2026-08-19 18:20:01,688 INFO o.a.c.c.StandardEngine [main] Starting Servlet engine: [Apache Tomcat/10.1.52]
2026-08-19 18:20:01,767 INFO o.a.c.c.C.[.[.[/] [main] Initializing Spring embedded WebApplicationContext
2026-08-19 18:20:01,768 INFO o.s.b.w.s.c.ServletWebServerApplicationContext [main] Root WebApplicationContext: initialization completed in 1910 ms
2026-08-19 18:20:02,209 INFO o.m.d.client [main] MongoClient with metadata {"driver": {"name": "mongo-java-driver|sync|spring-boot", "version": "5.5.2"}, "os": {"type": "Windows", "name": "Windows 11", "architecture": "amd64", "version": "10.0"}, "platform": "Java/Oracle Corporation/21.0.10+8-LTS-217"} created with settings MongoClientSettings{readPreference=primary, writeConcern=WriteConcern{w=majority, wTimeout=null ms, journal=null}, retryWrites=true, retryReads=true, readConcern=ReadConcern{level=null}, credential=MongoCredential{mechanism=null, userName='dhiren', source='admin', password=<hidden>, mechanismProperties=<hidden>}, transportSettings=null, commandListeners=[], codecRegistry=ProvidersCodecRegistry{codecProviders=[ValueCodecProvider{}, BsonValueCodecProvider{}, DBRefCodecProvider{}, DBObjectCodecProvider{}, DocumentCodecProvider{}, CollectionCodecProvider{}, IterableCodecProvider{}, MapCodecProvider{}, GeoJsonCodecProvider{}, GridFSFileCodecProvider{}, Jsr310CodecProvider{}, JsonObjectCodecProvider{}, BsonCodecProvider{}, EnumCodecProvider{}, com.mongodb.client.model.mql.ExpressionCodecProvider@2094bf3d, com.mongodb.Jep395RecordCodecProvider@1b17d8ab, com.mongodb.KotlinCodecProvider@7f6b7426]}, loggerSettings=LoggerSettings{maxDocumentLength=1000}, clusterSettings={hosts=[127.0.0.1:27017], srvHost=vela.tkxsdpk.mongodb.net, srvServiceName=mongodb, mode=MULTIPLE, requiredClusterType=REPLICA_SET, requiredReplicaSetName='atlas-13gwxg-shard-0', serverSelector='null', clusterListeners='[]', serverSelectionTimeout='30000 ms', localThreshold='15 ms'}, socketSettings=SocketSettings{connectTimeoutMS=10000, readTimeoutMS=0, receiveBufferSize=0, proxySettings=ProxySettings{host=null, port=null, username=null, password=null}}, heartbeatSocketSettings=SocketSettings{connectTimeoutMS=10000, readTimeoutMS=10000, receiveBufferSize=0, proxySettings=ProxySettings{host=null, port=null, username=null, password=null}}, connectionPoolSettings=ConnectionPoolSettings{maxSize=100, minSize=0, maxWaitTimeMS=120000, maxConnectionLifeTimeMS=0, maxConnectionIdleTimeMS=0, maintenanceInitialDelayMS=0, maintenanceFrequencyMS=60000, connectionPoolListeners=[], maxConnecting=2}, serverSettings=ServerSettings{heartbeatFrequencyMS=10000, minHeartbeatFrequencyMS=500, serverMonitoringMode=AUTO, serverListeners='[]', serverMonitorListeners='[]'}, sslSettings=SslSettings{enabled=true, invalidHostNameAllowed=false, context=null}, applicationName='null', compressorList=[], uuidRepresentation=JAVA_LEGACY, serverApi=null, autoEncryptionSettings=null, dnsClient=null, inetAddressResolver=null, contextProvider=null, timeoutMS=null}
2026-08-19 18:20:02,229 INFO o.m.d.cluster [cluster-ClusterId{value='6a85a67a9a40a1f08a93d51e', description='null'}-srv-vela.tkxsdpk.mongodb.net] Adding discovered server ac-pwzxuxu-shard-00-00.tkxsdpk.mongodb.net:27017 to client view of cluster
2026-08-19 18:20:02,259 INFO o.m.d.cluster [cluster-ClusterId{value='6a85a67a9a40a1f08a93d51e', description='null'}-srv-vela.tkxsdpk.mongodb.net] Adding discovered server ac-pwzxuxu-shard-00-01.tkxsdpk.mongodb.net:27017 to client view of cluster
2026-08-19 18:20:02,264 INFO o.m.d.cluster [cluster-ClusterId{value='6a85a67a9a40a1f08a93d51e', description='null'}-srv-vela.tkxsdpk.mongodb.net] Adding discovered server ac-pwzxuxu-shard-00-02.tkxsdpk.mongodb.net:27017 to client view of cluster
2026-08-19 18:20:02,564 INFO o.m.d.cluster [main] Waiting for server to become available for operation with ID 5. Remaining time: 29976 ms. Selector: WritableServerSelector, topology description: {type=REPLICA_SET, servers=[{address=ac-pwzxuxu-shard-00-00.tkxsdpk.mongodb.net:27017, type=UNKNOWN, state=CONNECTING}, {address=ac-pwzxuxu-shard-00-01.tkxsdpk.mongodb.net:27017, type=UNKNOWN, state=CONNECTING}, {address=ac-pwzxuxu-shard-00-02.tkxsdpk.mongodb.net:27017, type=UNKNOWN, state=CONNECTING}].
2026-08-19 18:20:03,142 INFO o.m.d.cluster [cluster-ClusterId{value='6a85a67a9a40a1f08a93d51e', description='null'}-ac-pwzxuxu-shard-00-01.tkxsdpk.mongodb.net:27017] Monitor thread successfully connected to server with description ServerDescription{address=ac-pwzxuxu-shard-00-01.tkxsdpk.mongodb.net:27017, type=REPLICA_SET_PRIMARY, cryptd=false, state=CONNECTED, ok=true, minWireVersion=0, maxWireVersion=25, maxDocumentSize=16777216, logicalSessionTimeoutMinutes=30, roundTripTimeNanos=294846300, minRoundTripTimeNanos=0, setName='atlas-13gwxg-shard-0', canonicalAddress=ac-pwzxuxu-shard-00-01.tkxsdpk.mongodb.net:27017, hosts=[ac-pwzxuxu-shard-00-02.tkxsdpk.mongodb.net:27017, ac-pwzxuxu-shard-00-00.tkxsdpk.mongodb.net:27017, ac-pwzxuxu-shard-00-01.tkxsdpk.mongodb.net:27017], passives=[], arbiters=[], primary='ac-pwzxuxu-shard-00-01.tkxsdpk.mongodb.net:27017', tagSet=TagSet{[Tag{name='cacheState', value='READY'}, Tag{name='diskState', value='READY'}, Tag{name='nodeType', value='ELECTABLE'}, Tag{name='provider', value='AZURE'}, Tag{name='region', value='INDIA_CENTRAL'}, Tag{name='workloadType', value='OPERATIONAL'}]}, electionId=7fffffff00000000000001cb, setVersion=415, topologyVersion=TopologyVersion{processId=6a7a3259a49ce98341b01ffe, counter=10}, lastWriteDate=Wed Aug 19 18:20:02 IST 2026, lastUpdateTimeNanos=157778196146600}
2026-08-19 18:20:03,145 INFO o.m.d.cluster [cluster-ClusterId{value='6a85a67a9a40a1f08a93d51e', description='null'}-ac-pwzxuxu-shard-00-01.tkxsdpk.mongodb.net:27017] Discovered replica set primary ac-pwzxuxu-shard-00-01.tkxsdpk.mongodb.net:27017 with max election id 7fffffff00000000000001cb and max set version 415
2026-08-19 18:20:04,174 INFO o.m.d.cluster [cluster-ClusterId{value='6a85a67a9a40a1f08a93d51e', description='null'}-ac-pwzxuxu-shard-00-02.tkxsdpk.mongodb.net:27017] Monitor thread successfully connected to server with description ServerDescription{address=ac-pwzxuxu-shard-00-02.tkxsdpk.mongodb.net:27017, type=REPLICA_SET_SECONDARY, cryptd=false, state=CONNECTED, ok=true, minWireVersion=0, maxWireVersion=25, maxDocumentSize=16777216, logicalSessionTimeoutMinutes=30, roundTripTimeNanos=309191000, minRoundTripTimeNanos=0, setName='atlas-13gwxg-shard-0', canonicalAddress=ac-pwzxuxu-shard-00-02.tkxsdpk.mongodb.net:27017, hosts=[ac-pwzxuxu-shard-00-02.tkxsdpk.mongodb.net:27017, ac-pwzxuxu-shard-00-00.tkxsdpk.mongodb.net:27017, ac-pwzxuxu-shard-00-01.tkxsdpk.mongodb.net:27017], passives=[], arbiters=[], primary='ac-pwzxuxu-shard-00-01.tkxsdpk.mongodb.net:27017', tagSet=TagSet{[Tag{name='cacheState', value='READY'}, Tag{name='diskState', value='READY'}, Tag{name='nodeType', value='ELECTABLE'}, Tag{name='provider', value='AZURE'}, Tag{name='region', value='INDIA_CENTRAL'}, Tag{name='workloadType', value='OPERATIONAL'}]}, electionId=null, setVersion=415, topologyVersion=TopologyVersion{processId=6a7a34d9d31996b1e8776014, counter=5}, lastWriteDate=Wed Aug 19 18:20:03 IST 2026, lastUpdateTimeNanos=157779230392200}
2026-08-19 18:20:04,175 INFO o.m.d.cluster [cluster-ClusterId{value='6a85a67a9a40a1f08a93d51e', description='null'}-ac-pwzxuxu-shard-00-00.tkxsdpk.mongodb.net:27017] Monitor thread successfully connected to server with description ServerDescription{address=ac-pwzxuxu-shard-00-00.tkxsdpk.mongodb.net:27017, type=REPLICA_SET_SECONDARY, cryptd=false, state=CONNECTED, ok=true, minWireVersion=0, maxWireVersion=25, maxDocumentSize=16777216, logicalSessionTimeoutMinutes=30, roundTripTimeNanos=310768600, minRoundTripTimeNanos=0, setName='atlas-13gwxg-shard-0', canonicalAddress=ac-pwzxuxu-shard-00-00.tkxsdpk.mongodb.net:27017, hosts=[ac-pwzxuxu-shard-00-02.tkxsdpk.mongodb.net:27017, ac-pwzxuxu-shard-00-00.tkxsdpk.mongodb.net:27017, ac-pwzxuxu-shard-00-01.tkxsdpk.mongodb.net:27017], passives=[], arbiters=[], primary='ac-pwzxuxu-shard-00-01.tkxsdpk.mongodb.net:27017', tagSet=TagSet{[Tag{name='cacheState', value='READY'}, Tag{name='diskState', value='READY'}, Tag{name='nodeType', value='ELECTABLE'}, Tag{name='provider', value='AZURE'}, Tag{name='region', value='INDIA_CENTRAL'}, Tag{name='workloadType', value='OPERATIONAL'}]}, electionId=null, setVersion=415, topologyVersion=TopologyVersion{processId=6a7a303208088ee8ec208729, counter=10}, lastWriteDate=Wed Aug 19 18:20:03 IST 2026, lastUpdateTimeNanos=157779231931800}
2026-08-19 18:20:05,165 ERROR o.s.b.w.e.t.TomcatStarter [main] Error starting Tomcat context. Exception: org.springframework.beans.factory.UnsatisfiedDependencyException. Message: Error creating bean with name 'springSecurity' defined in file [C:\Users\dsiro\IdeaProjects\GramStore\target\classes\com\vela\gramstore\config\SpringSecurity.class]: Unsatisfied dependency expressed through constructor parameter 3: No qualifying bean of type 'com.vela.gramstore.security.filter.PostVerificationFilter' available: expected at least 1 bean which qualifies as autowire candidate. Dependency annotations: {}
2026-08-19 18:20:05,191 INFO o.a.c.c.StandardService [main] Stopping service [Tomcat]
2026-08-19 18:20:05,196 WARN o.a.c.l.WebappClassLoaderBase [main] The web application [ROOT] appears to have started a thread named [BufferPoolPruner-1-thread-1] but has failed to stop it. This is very likely to create a memory leak. Stack trace of thread:
 java.base/jdk.internal.misc.Unsafe.park(Native Method)
 java.base/java.util.concurrent.locks.LockSupport.parkNanos(LockSupport.java:269)
 java.base/java.util.concurrent.locks.AbstractQueuedSynchronizer$ConditionObject.awaitNanos(AbstractQueuedSynchronizer.java:1763)
 java.base/java.util.concurrent.ScheduledThreadPoolExecutor$DelayedWorkQueue.take(ScheduledThreadPoolExecutor.java:1182)
 java.base/java.util.concurrent.ScheduledThreadPoolExecutor$DelayedWorkQueue.take(ScheduledThreadPoolExecutor.java:899)
 java.base/java.util.concurrent.ThreadPoolExecutor.getTask(ThreadPoolExecutor.java:1070)
 java.base/java.util.concurrent.ThreadPoolExecutor.runWorker(ThreadPoolExecutor.java:1130)
 java.base/java.util.concurrent.ThreadPoolExecutor$Worker.run(ThreadPoolExecutor.java:642)
 java.base/java.lang.Thread.run(Thread.java:1583)
2026-08-19 18:20:05,197 WARN o.a.c.l.WebappClassLoaderBase [main] The web application [ROOT] appears to have started a thread named [cluster-ClusterId{value='6a85a67a9a40a1f08a93d51e', description='null'}-srv-vela.tkxsdpk.mongodb.net] but has failed to stop it. This is very likely to create a memory leak. Stack trace of thread:
 java.base/java.lang.Thread.sleep0(Native Method)
 java.base/java.lang.Thread.sleep(Thread.java:509)
 com.mongodb.internal.connection.DefaultDnsSrvRecordMonitor$DnsSrvRecordMonitorRunnable.run(DefaultDnsSrvRecordMonitor.java:108)
 java.base/java.lang.Thread.run(Thread.java:1583)
2026-08-19 18:20:05,198 WARN o.a.c.l.WebappClassLoaderBase [main] The web application [ROOT] appears to have started a thread named [cluster-ClusterId{value='6a85a67a9a40a1f08a93d51e', description='null'}-ac-pwzxuxu-shard-00-00.tkxsdpk.mongodb.net:27017] but has failed to stop it. This is very likely to create a memory leak. Stack trace of thread:
 java.base/sun.nio.ch.Net.poll(Native Method)
 java.base/sun.nio.ch.NioSocketImpl.park(NioSocketImpl.java:191)
 java.base/sun.nio.ch.NioSocketImpl.timedRead(NioSocketImpl.java:280)
 java.base/sun.nio.ch.NioSocketImpl.implRead(NioSocketImpl.java:304)
 java.base/sun.nio.ch.NioSocketImpl.read(NioSocketImpl.java:346)
 java.base/sun.nio.ch.NioSocketImpl$1.read(NioSocketImpl.java:796)
 java.base/java.net.Socket$SocketInputStream.read(Socket.java:1099)
 java.base/sun.security.ssl.SSLSocketInputRecord.read(SSLSocketInputRecord.java:489)
 java.base/sun.security.ssl.SSLSocketInputRecord.readHeader(SSLSocketInputRecord.java:483)
 java.base/sun.security.ssl.SSLSocketInputRecord.bytesInCompletePacket(SSLSocketInputRecord.java:70)
 java.base/sun.security.ssl.SSLSocketImpl.readApplicationRecord(SSLSocketImpl.java:1461)
 java.base/sun.security.ssl.SSLSocketImpl$AppInputStream.read(SSLSocketImpl.java:1066)
 com.mongodb.internal.connection.SocketStream.read(SocketStream.java:182)
 com.mongodb.internal.connection.InternalStreamConnection.receiveResponseBuffers(InternalStreamConnection.java:824)
 com.mongodb.internal.connection.InternalStreamConnection.receiveCommandMessageResponse(InternalStreamConnection.java:517)
 com.mongodb.internal.connection.InternalStreamConnection.receive(InternalStreamConnection.java:469)
 com.mongodb.internal.connection.DefaultServerMonitor$ServerMonitor.lookupServerDescription(DefaultServerMonitor.java:249)
 com.mongodb.internal.connection.DefaultServerMonitor$ServerMonitor.run(DefaultServerMonitor.java:176)
2026-08-19 18:20:05,198 WARN o.a.c.l.WebappClassLoaderBase [main] The web application [ROOT] appears to have started a thread named [cluster-ClusterId{value='6a85a67a9a40a1f08a93d51e', description='null'}-ac-pwzxuxu-shard-00-01.tkxsdpk.mongodb.net:27017] but has failed to stop it. This is very likely to create a memory leak. Stack trace of thread:
 java.base/sun.nio.ch.Net.poll(Native Method)
 java.base/sun.nio.ch.NioSocketImpl.park(NioSocketImpl.java:191)
 java.base/sun.nio.ch.NioSocketImpl.timedRead(NioSocketImpl.java:280)
 java.base/sun.nio.ch.NioSocketImpl.implRead(NioSocketImpl.java:304)
 java.base/sun.nio.ch.NioSocketImpl.read(NioSocketImpl.java:346)
 java.base/sun.nio.ch.NioSocketImpl$1.read(NioSocketImpl.java:796)
 java.base/java.net.Socket$SocketInputStream.read(Socket.java:1099)
 java.base/sun.security.ssl.SSLSocketInputRecord.read(SSLSocketInputRecord.java:489)
 java.base/sun.security.ssl.SSLSocketInputRecord.readHeader(SSLSocketInputRecord.java:483)
 java.base/sun.security.ssl.SSLSocketInputRecord.bytesInCompletePacket(SSLSocketInputRecord.java:70)
 java.base/sun.security.ssl.SSLSocketImpl.readApplicationRecord(SSLSocketImpl.java:1461)
 java.base/sun.security.ssl.SSLSocketImpl$AppInputStream.read(SSLSocketImpl.java:1066)
 com.mongodb.internal.connection.SocketStream.read(SocketStream.java:182)
 com.mongodb.internal.connection.InternalStreamConnection.receiveResponseBuffers(InternalStreamConnection.java:824)
 com.mongodb.internal.connection.InternalStreamConnection.receiveCommandMessageResponse(InternalStreamConnection.java:517)
 com.mongodb.internal.connection.InternalStreamConnection.receive(InternalStreamConnection.java:469)
 com.mongodb.internal.connection.DefaultServerMonitor$ServerMonitor.lookupServerDescription(DefaultServerMonitor.java:249)
 com.mongodb.internal.connection.DefaultServerMonitor$ServerMonitor.run(DefaultServerMonitor.java:176)
2026-08-19 18:20:05,199 WARN o.a.c.l.WebappClassLoaderBase [main] The web application [ROOT] appears to have started a thread named [cluster-ClusterId{value='6a85a67a9a40a1f08a93d51e', description='null'}-ac-pwzxuxu-shard-00-02.tkxsdpk.mongodb.net:27017] but has failed to stop it. This is very likely to create a memory leak. Stack trace of thread:
 java.base/sun.nio.ch.Net.poll(Native Method)
 java.base/sun.nio.ch.NioSocketImpl.park(NioSocketImpl.java:191)
 java.base/sun.nio.ch.NioSocketImpl.timedRead(NioSocketImpl.java:280)
 java.base/sun.nio.ch.NioSocketImpl.implRead(NioSocketImpl.java:304)
 java.base/sun.nio.ch.NioSocketImpl.read(NioSocketImpl.java:346)
 java.base/sun.nio.ch.NioSocketImpl$1.read(NioSocketImpl.java:796)
 java.base/java.net.Socket$SocketInputStream.read(Socket.java:1099)
 java.base/sun.security.ssl.SSLSocketInputRecord.read(SSLSocketInputRecord.java:489)
 java.base/sun.security.ssl.SSLSocketInputRecord.readHeader(SSLSocketInputRecord.java:483)
 java.base/sun.security.ssl.SSLSocketInputRecord.bytesInCompletePacket(SSLSocketInputRecord.java:70)
 java.base/sun.security.ssl.SSLSocketImpl.readApplicationRecord(SSLSocketImpl.java:1461)
 java.base/sun.security.ssl.SSLSocketImpl$AppInputStream.read(SSLSocketImpl.java:1066)
 com.mongodb.internal.connection.SocketStream.read(SocketStream.java:182)
 com.mongodb.internal.connection.InternalStreamConnection.receiveResponseBuffers(InternalStreamConnection.java:824)
 com.mongodb.internal.connection.InternalStreamConnection.receiveCommandMessageResponse(InternalStreamConnection.java:517)
 com.mongodb.internal.connection.InternalStreamConnection.receive(InternalStreamConnection.java:469)
 com.mongodb.internal.connection.DefaultServerMonitor$ServerMonitor.lookupServerDescription(DefaultServerMonitor.java:249)
 com.mongodb.internal.connection.DefaultServerMonitor$ServerMonitor.run(DefaultServerMonitor.java:176)
2026-08-19 18:20:05,200 WARN o.a.c.l.WebappClassLoaderBase [main] The web application [ROOT] appears to have started a thread named [cluster-rtt-ClusterId{value='6a85a67a9a40a1f08a93d51e', description='null'}-ac-pwzxuxu-shard-00-01.tkxsdpk.mongodb.net:27017] but has failed to stop it. This is very likely to create a memory leak. Stack trace of thread:
 java.base/java.lang.Thread.sleep0(Native Method)
 java.base/java.lang.Thread.sleep(Thread.java:509)
 com.mongodb.internal.connection.DefaultServerMonitor.waitForNext(DefaultServerMonitor.java:498)
 com.mongodb.internal.connection.DefaultServerMonitor.access$1600(DefaultServerMonitor.java:69)
 com.mongodb.internal.connection.DefaultServerMonitor$RoundTripTimeMonitor.run(DefaultServerMonitor.java:468)
2026-08-19 18:20:05,200 WARN o.a.c.l.WebappClassLoaderBase [main] The web application [ROOT] appears to have started a thread named [MaintenanceTimer-3-thread-1] but has failed to stop it. This is very likely to create a memory leak. Stack trace of thread:
 java.base/jdk.internal.misc.Unsafe.park(Native Method)
 java.base/java.util.concurrent.locks.LockSupport.parkNanos(LockSupport.java:269)
 java.base/java.util.concurrent.locks.AbstractQueuedSynchronizer$ConditionObject.awaitNanos(AbstractQueuedSynchronizer.java:1763)
 java.base/java.util.concurrent.ScheduledThreadPoolExecutor$DelayedWorkQueue.take(ScheduledThreadPoolExecutor.java:1182)
 java.base/java.util.concurrent.ScheduledThreadPoolExecutor$DelayedWorkQueue.take(ScheduledThreadPoolExecutor.java:899)
 java.base/java.util.concurrent.ThreadPoolExecutor.getTask(ThreadPoolExecutor.java:1070)
 java.base/java.util.concurrent.ThreadPoolExecutor.runWorker(ThreadPoolExecutor.java:1130)
 java.base/java.util.concurrent.ThreadPoolExecutor$Worker.run(ThreadPoolExecutor.java:642)
 java.base/java.lang.Thread.run(Thread.java:1583)
2026-08-19 18:20:05,201 WARN o.a.c.l.WebappClassLoaderBase [main] The web application [ROOT] appears to have started a thread named [cluster-rtt-ClusterId{value='6a85a67a9a40a1f08a93d51e', description='null'}-ac-pwzxuxu-shard-00-02.tkxsdpk.mongodb.net:27017] but has failed to stop it. This is very likely to create a memory leak. Stack trace of thread:
 java.base/java.lang.Thread.sleep0(Native Method)
 java.base/java.lang.Thread.sleep(Thread.java:509)
 com.mongodb.internal.connection.DefaultServerMonitor.waitForNext(DefaultServerMonitor.java:498)
 com.mongodb.internal.connection.DefaultServerMonitor.access$1600(DefaultServerMonitor.java:69)
 com.mongodb.internal.connection.DefaultServerMonitor$RoundTripTimeMonitor.run(DefaultServerMonitor.java:468)
2026-08-19 18:20:05,202 WARN o.a.c.l.WebappClassLoaderBase [main] The web application [ROOT] appears to have started a thread named [cluster-rtt-ClusterId{value='6a85a67a9a40a1f08a93d51e', description='null'}-ac-pwzxuxu-shard-00-00.tkxsdpk.mongodb.net:27017] but has failed to stop it. This is very likely to create a memory leak. Stack trace of thread:
 java.base/java.lang.Thread.sleep0(Native Method)
 java.base/java.lang.Thread.sleep(Thread.java:509)
 com.mongodb.internal.connection.DefaultServerMonitor.waitForNext(DefaultServerMonitor.java:498)
 com.mongodb.internal.connection.DefaultServerMonitor.access$1600(DefaultServerMonitor.java:69)
 com.mongodb.internal.connection.DefaultServerMonitor$RoundTripTimeMonitor.run(DefaultServerMonitor.java:468)
2026-08-19 18:20:05,202 WARN o.a.c.l.WebappClassLoaderBase [main] The web application [ROOT] appears to have started a thread named [MaintenanceTimer-4-thread-1] but has failed to stop it. This is very likely to create a memory leak. Stack trace of thread:
 java.base/jdk.internal.misc.Unsafe.park(Native Method)
 java.base/java.util.concurrent.locks.LockSupport.parkNanos(LockSupport.java:269)
 java.base/java.util.concurrent.locks.AbstractQueuedSynchronizer$ConditionObject.awaitNanos(AbstractQueuedSynchronizer.java:1763)
 java.base/java.util.concurrent.ScheduledThreadPoolExecutor$DelayedWorkQueue.take(ScheduledThreadPoolExecutor.java:1182)
 java.base/java.util.concurrent.ScheduledThreadPoolExecutor$DelayedWorkQueue.take(ScheduledThreadPoolExecutor.java:899)
 java.base/java.util.concurrent.ThreadPoolExecutor.getTask(ThreadPoolExecutor.java:1070)
 java.base/java.util.concurrent.ThreadPoolExecutor.runWorker(ThreadPoolExecutor.java:1130)
 java.base/java.util.concurrent.ThreadPoolExecutor$Worker.run(ThreadPoolExecutor.java:642)
 java.base/java.lang.Thread.run(Thread.java:1583)
2026-08-19 18:20:05,203 WARN o.a.c.l.WebappClassLoaderBase [main] The web application [ROOT] appears to have started a thread named [MaintenanceTimer-2-thread-1] but has failed to stop it. This is very likely to create a memory leak. Stack trace of thread:
 java.base/jdk.internal.misc.Unsafe.park(Native Method)
 java.base/java.util.concurrent.locks.LockSupport.parkNanos(LockSupport.java:269)
 java.base/java.util.concurrent.locks.AbstractQueuedSynchronizer$ConditionObject.awaitNanos(AbstractQueuedSynchronizer.java:1763)
 java.base/java.util.concurrent.ScheduledThreadPoolExecutor$DelayedWorkQueue.take(ScheduledThreadPoolExecutor.java:1182)
 java.base/java.util.concurrent.ScheduledThreadPoolExecutor$DelayedWorkQueue.take(ScheduledThreadPoolExecutor.java:899)
 java.base/java.util.concurrent.ThreadPoolExecutor.getTask(ThreadPoolExecutor.java:1070)
 java.base/java.util.concurrent.ThreadPoolExecutor.runWorker(ThreadPoolExecutor.java:1130)
 java.base/java.util.concurrent.ThreadPoolExecutor$Worker.run(ThreadPoolExecutor.java:642)
 java.base/java.lang.Thread.run(Thread.java:1583)
2026-08-19 18:20:05,206 WARN o.s.b.w.s.c.AnnotationConfigServletWebServerApplicationContext [main] Exception encountered during context initialization - cancelling refresh attempt: org.springframework.context.ApplicationContextException: Unable to start web server
2026-08-19 18:20:05,317 INFO o.s.b.a.l.ConditionEvaluationReportLogger [main] 

Error starting ApplicationContext. To display the condition evaluation report re-run your application with 'debug' enabled.
2026-08-19 18:20:05,409 ERROR o.s.b.d.LoggingFailureAnalysisReporter [main] 

***************************
APPLICATION FAILED TO START
***************************

Description:

Parameter 3 of constructor in com.vela.gramstore.config.SpringSecurity required a bean of type 'com.vela.gramstore.security.filter.PostVerificationFilter' that could not be found.


Action:

Consider defining a bean of type 'com.vela.gramstore.security.filter.PostVerificationFilter' in your configuration.

2026-08-19 18:20:53,473 INFO o.h.v.i.u.Version [background-preinit] HV000001: Hibernate Validator 8.0.3.Final
2026-08-19 18:20:53,541 INFO c.v.g.GramStoreApplication [main] Starting GramStoreApplication using Java 21.0.10 with PID 11772 (C:\Users\dsiro\IdeaProjects\GramStore\target\classes started by dsiro in C:\Users\dsiro\IdeaProjects\GramStore)
2026-08-19 18:20:53,542 INFO c.v.g.GramStoreApplication [main] The following 1 profile is active: "dev"
2026-08-19 18:20:54,479 INFO o.s.d.r.c.RepositoryConfigurationDelegate [main] Multiple Spring Data modules found, entering strict repository configuration mode
2026-08-19 18:20:54,480 INFO o.s.d.r.c.RepositoryConfigurationDelegate [main] Bootstrapping Spring Data MongoDB repositories in DEFAULT mode.
2026-08-19 18:20:54,513 INFO o.s.d.r.c.RepositoryConfigurationDelegate [main] Finished Spring Data repository scanning in 26 ms. Found 0 MongoDB repository interfaces.
2026-08-19 18:20:54,530 INFO o.s.d.r.c.RepositoryConfigurationDelegate [main] Multiple Spring Data modules found, entering strict repository configuration mode
2026-08-19 18:20:54,532 INFO o.s.d.r.c.RepositoryConfigurationDelegate [main] Bootstrapping Spring Data Redis repositories in DEFAULT mode.
2026-08-19 18:20:54,555 INFO o.s.d.r.c.RepositoryConfigurationDelegate [main] Finished Spring Data repository scanning in 12 ms. Found 0 Redis repository interfaces.
2026-08-19 18:20:55,334 INFO o.s.b.w.e.t.TomcatWebServer [main] Tomcat initialized with port 8080 (http)
2026-08-19 18:20:55,348 INFO o.a.c.h.Http11NioProtocol [main] Initializing ProtocolHandler ["http-nio-8080"]
2026-08-19 18:20:55,350 INFO o.a.c.c.StandardService [main] Starting service [Tomcat]
2026-08-19 18:20:55,351 INFO o.a.c.c.StandardEngine [main] Starting Servlet engine: [Apache Tomcat/10.1.52]
2026-08-19 18:20:55,427 INFO o.a.c.c.C.[.[.[/] [main] Initializing Spring embedded WebApplicationContext
2026-08-19 18:20:55,428 INFO o.s.b.w.s.c.ServletWebServerApplicationContext [main] Root WebApplicationContext: initialization completed in 1817 ms
2026-08-19 18:20:55,664 INFO o.m.d.client [main] MongoClient with metadata {"driver": {"name": "mongo-java-driver|sync|spring-boot", "version": "5.5.2"}, "os": {"type": "Windows", "name": "Windows 11", "architecture": "amd64", "version": "10.0"}, "platform": "Java/Oracle Corporation/21.0.10+8-LTS-217"} created with settings MongoClientSettings{readPreference=primary, writeConcern=WriteConcern{w=majority, wTimeout=null ms, journal=null}, retryWrites=true, retryReads=true, readConcern=ReadConcern{level=null}, credential=MongoCredential{mechanism=null, userName='dhiren', source='admin', password=<hidden>, mechanismProperties=<hidden>}, transportSettings=null, commandListeners=[], codecRegistry=ProvidersCodecRegistry{codecProviders=[ValueCodecProvider{}, BsonValueCodecProvider{}, DBRefCodecProvider{}, DBObjectCodecProvider{}, DocumentCodecProvider{}, CollectionCodecProvider{}, IterableCodecProvider{}, MapCodecProvider{}, GeoJsonCodecProvider{}, GridFSFileCodecProvider{}, Jsr310CodecProvider{}, JsonObjectCodecProvider{}, BsonCodecProvider{}, EnumCodecProvider{}, com.mongodb.client.model.mql.ExpressionCodecProvider@3a2546d6, com.mongodb.Jep395RecordCodecProvider@7282af25, com.mongodb.KotlinCodecProvider@7661e474]}, loggerSettings=LoggerSettings{maxDocumentLength=1000}, clusterSettings={hosts=[127.0.0.1:27017], srvHost=vela.tkxsdpk.mongodb.net, srvServiceName=mongodb, mode=MULTIPLE, requiredClusterType=REPLICA_SET, requiredReplicaSetName='atlas-13gwxg-shard-0', serverSelector='null', clusterListeners='[]', serverSelectionTimeout='30000 ms', localThreshold='15 ms'}, socketSettings=SocketSettings{connectTimeoutMS=10000, readTimeoutMS=0, receiveBufferSize=0, proxySettings=ProxySettings{host=null, port=null, username=null, password=null}}, heartbeatSocketSettings=SocketSettings{connectTimeoutMS=10000, readTimeoutMS=10000, receiveBufferSize=0, proxySettings=ProxySettings{host=null, port=null, username=null, password=null}}, connectionPoolSettings=ConnectionPoolSettings{maxSize=100, minSize=0, maxWaitTimeMS=120000, maxConnectionLifeTimeMS=0, maxConnectionIdleTimeMS=0, maintenanceInitialDelayMS=0, maintenanceFrequencyMS=60000, connectionPoolListeners=[], maxConnecting=2}, serverSettings=ServerSettings{heartbeatFrequencyMS=10000, minHeartbeatFrequencyMS=500, serverMonitoringMode=AUTO, serverListeners='[]', serverMonitorListeners='[]'}, sslSettings=SslSettings{enabled=true, invalidHostNameAllowed=false, context=null}, applicationName='null', compressorList=[], uuidRepresentation=JAVA_LEGACY, serverApi=null, autoEncryptionSettings=null, dnsClient=null, inetAddressResolver=null, contextProvider=null, timeoutMS=null}
2026-08-19 18:20:55,685 INFO o.m.d.cluster [cluster-ClusterId{value='6a85a6af5f09fee80d793279', description='null'}-srv-vela.tkxsdpk.mongodb.net] Adding discovered server ac-pwzxuxu-shard-00-00.tkxsdpk.mongodb.net:27017 to client view of cluster
2026-08-19 18:20:55,713 INFO o.m.d.cluster [cluster-ClusterId{value='6a85a6af5f09fee80d793279', description='null'}-srv-vela.tkxsdpk.mongodb.net] Adding discovered server ac-pwzxuxu-shard-00-01.tkxsdpk.mongodb.net:27017 to client view of cluster
2026-08-19 18:20:55,718 INFO o.m.d.cluster [cluster-ClusterId{value='6a85a6af5f09fee80d793279', description='null'}-srv-vela.tkxsdpk.mongodb.net] Adding discovered server ac-pwzxuxu-shard-00-02.tkxsdpk.mongodb.net:27017 to client view of cluster
2026-08-19 18:20:56,026 INFO o.m.d.cluster [main] Waiting for server to become available for operation with ID 5. Remaining time: 29985 ms. Selector: WritableServerSelector, topology description: {type=REPLICA_SET, servers=[{address=ac-pwzxuxu-shard-00-00.tkxsdpk.mongodb.net:27017, type=UNKNOWN, state=CONNECTING}, {address=ac-pwzxuxu-shard-00-01.tkxsdpk.mongodb.net:27017, type=UNKNOWN, state=CONNECTING}, {address=ac-pwzxuxu-shard-00-02.tkxsdpk.mongodb.net:27017, type=UNKNOWN, state=CONNECTING}].
2026-08-19 18:20:56,524 INFO o.m.d.cluster [cluster-ClusterId{value='6a85a6af5f09fee80d793279', description='null'}-ac-pwzxuxu-shard-00-02.tkxsdpk.mongodb.net:27017] Monitor thread successfully connected to server with description ServerDescription{address=ac-pwzxuxu-shard-00-02.tkxsdpk.mongodb.net:27017, type=REPLICA_SET_SECONDARY, cryptd=false, state=CONNECTED, ok=true, minWireVersion=0, maxWireVersion=25, maxDocumentSize=16777216, logicalSessionTimeoutMinutes=30, roundTripTimeNanos=533555000, minRoundTripTimeNanos=0, setName='atlas-13gwxg-shard-0', canonicalAddress=ac-pwzxuxu-shard-00-02.tkxsdpk.mongodb.net:27017, hosts=[ac-pwzxuxu-shard-00-02.tkxsdpk.mongodb.net:27017, ac-pwzxuxu-shard-00-00.tkxsdpk.mongodb.net:27017, ac-pwzxuxu-shard-00-01.tkxsdpk.mongodb.net:27017], passives=[], arbiters=[], primary='ac-pwzxuxu-shard-00-01.tkxsdpk.mongodb.net:27017', tagSet=TagSet{[Tag{name='cacheState', value='READY'}, Tag{name='diskState', value='READY'}, Tag{name='nodeType', value='ELECTABLE'}, Tag{name='provider', value='AZURE'}, Tag{name='region', value='INDIA_CENTRAL'}, Tag{name='workloadType', value='OPERATIONAL'}]}, electionId=null, setVersion=415, topologyVersion=TopologyVersion{processId=6a7a34d9d31996b1e8776014, counter=5}, lastWriteDate=Wed Aug 19 18:20:55 IST 2026, lastUpdateTimeNanos=157831577003700}
2026-08-19 18:20:56,525 INFO o.m.d.cluster [cluster-ClusterId{value='6a85a6af5f09fee80d793279', description='null'}-ac-pwzxuxu-shard-00-00.tkxsdpk.mongodb.net:27017] Monitor thread successfully connected to server with description ServerDescription{address=ac-pwzxuxu-shard-00-00.tkxsdpk.mongodb.net:27017, type=REPLICA_SET_SECONDARY, cryptd=false, state=CONNECTED, ok=true, minWireVersion=0, maxWireVersion=25, maxDocumentSize=16777216, logicalSessionTimeoutMinutes=30, roundTripTimeNanos=533544300, minRoundTripTimeNanos=0, setName='atlas-13gwxg-shard-0', canonicalAddress=ac-pwzxuxu-shard-00-00.tkxsdpk.mongodb.net:27017, hosts=[ac-pwzxuxu-shard-00-02.tkxsdpk.mongodb.net:27017, ac-pwzxuxu-shard-00-00.tkxsdpk.mongodb.net:27017, ac-pwzxuxu-shard-00-01.tkxsdpk.mongodb.net:27017], passives=[], arbiters=[], primary='ac-pwzxuxu-shard-00-01.tkxsdpk.mongodb.net:27017', tagSet=TagSet{[Tag{name='cacheState', value='READY'}, Tag{name='diskState', value='READY'}, Tag{name='nodeType', value='ELECTABLE'}, Tag{name='provider', value='AZURE'}, Tag{name='region', value='INDIA_CENTRAL'}, Tag{name='workloadType', value='OPERATIONAL'}]}, electionId=null, setVersion=415, topologyVersion=TopologyVersion{processId=6a7a303208088ee8ec208729, counter=10}, lastWriteDate=Wed Aug 19 18:20:55 IST 2026, lastUpdateTimeNanos=157831576997700}
2026-08-19 18:20:56,526 INFO o.m.d.cluster [cluster-ClusterId{value='6a85a6af5f09fee80d793279', description='null'}-ac-pwzxuxu-shard-00-01.tkxsdpk.mongodb.net:27017] Monitor thread successfully connected to server with description ServerDescription{address=ac-pwzxuxu-shard-00-01.tkxsdpk.mongodb.net:27017, type=REPLICA_SET_PRIMARY, cryptd=false, state=CONNECTED, ok=true, minWireVersion=0, maxWireVersion=25, maxDocumentSize=16777216, logicalSessionTimeoutMinutes=30, roundTripTimeNanos=533824000, minRoundTripTimeNanos=0, setName='atlas-13gwxg-shard-0', canonicalAddress=ac-pwzxuxu-shard-00-01.tkxsdpk.mongodb.net:27017, hosts=[ac-pwzxuxu-shard-00-02.tkxsdpk.mongodb.net:27017, ac-pwzxuxu-shard-00-00.tkxsdpk.mongodb.net:27017, ac-pwzxuxu-shard-00-01.tkxsdpk.mongodb.net:27017], passives=[], arbiters=[], primary='ac-pwzxuxu-shard-00-01.tkxsdpk.mongodb.net:27017', tagSet=TagSet{[Tag{name='cacheState', value='READY'}, Tag{name='diskState', value='READY'}, Tag{name='nodeType', value='ELECTABLE'}, Tag{name='provider', value='AZURE'}, Tag{name='region', value='INDIA_CENTRAL'}, Tag{name='workloadType', value='OPERATIONAL'}]}, electionId=7fffffff00000000000001cb, setVersion=415, topologyVersion=TopologyVersion{processId=6a7a3259a49ce98341b01ffe, counter=10}, lastWriteDate=Wed Aug 19 18:20:55 GMT+05:30 2026, lastUpdateTimeNanos=157831577273600}
2026-08-19 18:20:56,530 INFO o.m.d.cluster [cluster-ClusterId{value='6a85a6af5f09fee80d793279', description='null'}-ac-pwzxuxu-shard-00-01.tkxsdpk.mongodb.net:27017] Discovered replica set primary ac-pwzxuxu-shard-00-01.tkxsdpk.mongodb.net:27017 with max election id 7fffffff00000000000001cb and max set version 415
2026-08-19 18:20:59,780 INFO o.s.s.c.a.a.c.InitializeUserDetailsBeanManagerConfigurer$InitializeUserDetailsManagerConfigurer [main] Global AuthenticationManager configured with UserDetailsService bean with name userDetailsServiceImpl
2026-08-19 18:21:00,351 INFO o.a.c.h.Http11NioProtocol [main] Starting ProtocolHandler ["http-nio-8080"]
2026-08-19 18:21:00,366 INFO o.s.b.w.e.t.TomcatWebServer [main] Tomcat started on port 8080 (http) with context path '/'
2026-08-19 18:21:00,378 INFO c.v.g.GramStoreApplication [main] Started GramStoreApplication in 7.363 seconds (process running for 8.151)
2026-08-19 18:21:03,971 INFO o.a.c.c.C.[.[.[/] [http-nio-8080-exec-4] Initializing Spring DispatcherServlet 'dispatcherServlet'
2026-08-19 18:21:03,972 INFO o.s.w.s.DispatcherServlet [http-nio-8080-exec-4] Initializing Servlet 'dispatcherServlet'
2026-08-19 18:21:03,976 INFO o.s.w.s.DispatcherServlet [http-nio-8080-exec-4] Completed initialization in 0 ms
2026-08-19 18:21:04,305 ERROR c.v.g.s.AuthFilter [http-nio-8080-exec-4] Error(Custom): 
io.jsonwebtoken.ExpiredJwtException: JWT expired 8351303 milliseconds ago at 2026-08-19T10:31:53.000Z. Current time: 2026-08-19T12:51:04.303Z. Allowed clock skew: 0 milliseconds.
	at io.jsonwebtoken.impl.DefaultJwtParser.parse(DefaultJwtParser.java:688)
	at io.jsonwebtoken.impl.DefaultJwtParser.parse(DefaultJwtParser.java:364)
	at io.jsonwebtoken.impl.DefaultJwtParser.parse(DefaultJwtParser.java:94)
	at io.jsonwebtoken.impl.io.AbstractParser.parse(AbstractParser.java:36)
	at io.jsonwebtoken.impl.io.AbstractParser.parse(AbstractParser.java:29)
	at io.jsonwebtoken.impl.DefaultJwtParser.parseSignedClaims(DefaultJwtParser.java:827)
	at com.vela.gramstore.security.AccessTokenUtil.extractAllClaims(AccessTokenUtil.java:53)
	at com.vela.gramstore.security.AccessTokenUtil.verifyAndExtractUsername(AccessTokenUtil.java:42)
	at com.vela.gramstore.security.AccessTokenUtil.isTokenExpiredOrInvalid(AccessTokenUtil.java:59)
	at com.vela.gramstore.security.filter.AuthFilter.doFilterInternal(AuthFilter.java:35)
	at org.springframework.web.filter.OncePerRequestFilter.doFilter(OncePerRequestFilter.java:116)
	at org.springframework.security.web.FilterChainProxy$VirtualFilterChain.doFilter(FilterChainProxy.java:374)
	at org.springframework.security.web.authentication.logout.LogoutFilter.doFilter(LogoutFilter.java:107)
	at org.springframework.security.web.authentication.logout.LogoutFilter.doFilter(LogoutFilter.java:93)
	at org.springframework.security.web.FilterChainProxy$VirtualFilterChain.doFilter(FilterChainProxy.java:374)
	at org.springframework.web.filter.CorsFilter.doFilterInternal(CorsFilter.java:91)
	at org.springframework.web.filter.OncePerRequestFilter.doFilter(OncePerRequestFilter.java:116)
	at org.springframework.security.web.FilterChainProxy$VirtualFilterChain.doFilter(FilterChainProxy.java:374)
	at org.springframework.security.web.header.HeaderWriterFilter.doHeadersAfter(HeaderWriterFilter.java:90)
	at org.springframework.security.web.header.HeaderWriterFilter.doFilterInternal(HeaderWriterFilter.java:75)
	at org.springframework.web.filter.OncePerRequestFilter.doFilter(OncePerRequestFilter.java:116)
	at org.springframework.security.web.FilterChainProxy$VirtualFilterChain.doFilter(FilterChainProxy.java:374)
	at org.springframework.security.web.context.SecurityContextHolderFilter.doFilter(SecurityContextHolderFilter.java:82)
	at org.springframework.security.web.context.SecurityContextHolderFilter.doFilter(SecurityContextHolderFilter.java:69)
	at org.springframework.security.web.FilterChainProxy$VirtualFilterChain.doFilter(FilterChainProxy.java:374)
	at org.springframework.security.web.context.request.async.WebAsyncManagerIntegrationFilter.doFilterInternal(WebAsyncManagerIntegrationFilter.java:62)
	at org.springframework.web.filter.OncePerRequestFilter.doFilter(OncePerRequestFilter.java:116)
	at org.springframework.security.web.FilterChainProxy$VirtualFilterChain.doFilter(FilterChainProxy.java:374)
	at org.springframework.security.web.session.DisableEncodeUrlFilter.doFilterInternal(DisableEncodeUrlFilter.java:42)
	at org.springframework.web.filter.OncePerRequestFilter.doFilter(OncePerRequestFilter.java:116)
	at org.springframework.security.web.FilterChainProxy$VirtualFilterChain.doFilter(FilterChainProxy.java:374)
	at org.springframework.security.web.FilterChainProxy.doFilterInternal(FilterChainProxy.java:233)
	at org.springframework.security.web.FilterChainProxy.doFilter(FilterChainProxy.java:191)
	at org.springframework.web.filter.CompositeFilter$VirtualFilterChain.doFilter(CompositeFilter.java:113)
	at org.springframework.web.filter.ServletRequestPathFilter.doFilter(ServletRequestPathFilter.java:52)
	at org.springframework.web.filter.CompositeFilter$VirtualFilterChain.doFilter(CompositeFilter.java:113)
	at org.springframework.web.filter.CompositeFilter.doFilter(CompositeFilter.java:74)
	at org.springframework.security.config.annotation.web.configuration.WebSecurityConfiguration$CompositeFilterChainProxy.doFilter(WebSecurityConfiguration.java:319)
	at org.springframework.web.filter.CompositeFilter$VirtualFilterChain.doFilter(CompositeFilter.java:113)
	at org.springframework.web.servlet.handler.HandlerMappingIntrospector.lambda$createCacheFilter$4(HandlerMappingIntrospector.java:267)
	at org.springframework.web.filter.CompositeFilter$VirtualFilterChain.doFilter(CompositeFilter.java:113)
	at org.springframework.web.filter.CompositeFilter.doFilter(CompositeFilter.java:74)
	at org.springframework.security.config.annotation.web.configuration.WebMvcSecurityConfiguration$CompositeFilterChainProxy.doFilter(WebMvcSecurityConfiguration.java:240)
	at org.springframework.web.filter.DelegatingFilterProxy.invokeDelegate(DelegatingFilterProxy.java:362)
	at org.springframework.web.filter.DelegatingFilterProxy.doFilter(DelegatingFilterProxy.java:278)
	at org.apache.catalina.core.ApplicationFilterChain.internalDoFilter(ApplicationFilterChain.java:162)
	at org.apache.catalina.core.ApplicationFilterChain.doFilter(ApplicationFilterChain.java:138)
	at org.springframework.web.filter.RequestContextFilter.doFilterInternal(RequestContextFilter.java:100)
	at org.springframework.web.filter.OncePerRequestFilter.doFilter(OncePerRequestFilter.java:116)
	at org.apache.catalina.core.ApplicationFilterChain.internalDoFilter(ApplicationFilterChain.java:162)
	at org.apache.catalina.core.ApplicationFilterChain.doFilter(ApplicationFilterChain.java:138)
	at org.springframework.web.filter.FormContentFilter.doFilterInternal(FormContentFilter.java:93)
	at org.springframework.web.filter.OncePerRequestFilter.doFilter(OncePerRequestFilter.java:116)
	at org.apache.catalina.core.ApplicationFilterChain.internalDoFilter(ApplicationFilterChain.java:162)
	at org.apache.catalina.core.ApplicationFilterChain.doFilter(ApplicationFilterChain.java:138)
	at org.springframework.web.filter.CharacterEncodingFilter.doFilterInternal(CharacterEncodingFilter.java:201)
	at org.springframework.web.filter.OncePerRequestFilter.doFilter(OncePerRequestFilter.java:116)
	at org.apache.catalina.core.ApplicationFilterChain.internalDoFilter(ApplicationFilterChain.java:162)
	at org.apache.catalina.core.ApplicationFilterChain.doFilter(ApplicationFilterChain.java:138)
	at org.apache.catalina.core.StandardWrapperValve.invoke(StandardWrapperValve.java:165)
	at org.apache.catalina.core.StandardContextValve.invoke(StandardContextValve.java:88)
	at org.apache.catalina.authenticator.AuthenticatorBase.invoke(AuthenticatorBase.java:492)
	at org.apache.catalina.core.StandardHostValve.invoke(StandardHostValve.java:113)
	at org.apache.catalina.valves.ErrorReportValve.invoke(ErrorReportValve.java:83)
	at org.apache.catalina.core.StandardEngineValve.invoke(StandardEngineValve.java:72)
	at org.apache.catalina.valves.RemoteIpValve.invoke(RemoteIpValve.java:733)
	at org.apache.catalina.connector.CoyoteAdapter.service(CoyoteAdapter.java:342)
	at org.apache.coyote.http11.Http11Processor.service(Http11Processor.java:399)
	at org.apache.coyote.AbstractProcessorLight.process(AbstractProcessorLight.java:63)
	at org.apache.coyote.AbstractProtocol$ConnectionHandler.process(AbstractProtocol.java:903)
	at org.apache.tomcat.util.net.NioEndpoint$SocketProcessor.doRun(NioEndpoint.java:1775)
	at org.apache.tomcat.util.net.SocketProcessorBase.run(SocketProcessorBase.java:52)
	at org.apache.tomcat.util.threads.ThreadPoolExecutor.runWorker(ThreadPoolExecutor.java:973)
	at org.apache.tomcat.util.threads.ThreadPoolExecutor$Worker.run(ThreadPoolExecutor.java:491)
	at org.apache.tomcat.util.threads.TaskThread$WrappingRunnable.run(TaskThread.java:63)
	at java.base/java.lang.Thread.run(Thread.java:1583)
2026-08-19 18:21:18,887 ERROR c.v.g.s.AuthFilter [http-nio-8080-exec-3] Error(Custom): 
io.jsonwebtoken.ExpiredJwtException: JWT expired 8365887 milliseconds ago at 2026-08-19T10:31:53.000Z. Current time: 2026-08-19T12:51:18.887Z. Allowed clock skew: 0 milliseconds.
	at io.jsonwebtoken.impl.DefaultJwtParser.parse(DefaultJwtParser.java:688)
	at io.jsonwebtoken.impl.DefaultJwtParser.parse(DefaultJwtParser.java:364)
	at io.jsonwebtoken.impl.DefaultJwtParser.parse(DefaultJwtParser.java:94)
	at io.jsonwebtoken.impl.io.AbstractParser.parse(AbstractParser.java:36)
	at io.jsonwebtoken.impl.io.AbstractParser.parse(AbstractParser.java:29)
	at io.jsonwebtoken.impl.DefaultJwtParser.parseSignedClaims(DefaultJwtParser.java:827)
	at com.vela.gramstore.security.AccessTokenUtil.extractAllClaims(AccessTokenUtil.java:53)
	at com.vela.gramstore.security.AccessTokenUtil.verifyAndExtractUsername(AccessTokenUtil.java:42)
	at com.vela.gramstore.security.AccessTokenUtil.isTokenExpiredOrInvalid(AccessTokenUtil.java:59)
	at com.vela.gramstore.security.filter.AuthFilter.doFilterInternal(AuthFilter.java:35)
	at org.springframework.web.filter.OncePerRequestFilter.doFilter(OncePerRequestFilter.java:116)
	at org.springframework.security.web.FilterChainProxy$VirtualFilterChain.doFilter(FilterChainProxy.java:374)
	at org.springframework.security.web.authentication.logout.LogoutFilter.doFilter(LogoutFilter.java:107)
	at org.springframework.security.web.authentication.logout.LogoutFilter.doFilter(LogoutFilter.java:93)
	at org.springframework.security.web.FilterChainProxy$VirtualFilterChain.doFilter(FilterChainProxy.java:374)
	at org.springframework.web.filter.CorsFilter.doFilterInternal(CorsFilter.java:91)
	at org.springframework.web.filter.OncePerRequestFilter.doFilter(OncePerRequestFilter.java:116)
	at org.springframework.security.web.FilterChainProxy$VirtualFilterChain.doFilter(FilterChainProxy.java:374)
	at org.springframework.security.web.header.HeaderWriterFilter.doHeadersAfter(HeaderWriterFilter.java:90)
	at org.springframework.security.web.header.HeaderWriterFilter.doFilterInternal(HeaderWriterFilter.java:75)
	at org.springframework.web.filter.OncePerRequestFilter.doFilter(OncePerRequestFilter.java:116)
	at org.springframework.security.web.FilterChainProxy$VirtualFilterChain.doFilter(FilterChainProxy.java:374)
	at org.springframework.security.web.context.SecurityContextHolderFilter.doFilter(SecurityContextHolderFilter.java:82)
	at org.springframework.security.web.context.SecurityContextHolderFilter.doFilter(SecurityContextHolderFilter.java:69)
	at org.springframework.security.web.FilterChainProxy$VirtualFilterChain.doFilter(FilterChainProxy.java:374)
	at org.springframework.security.web.context.request.async.WebAsyncManagerIntegrationFilter.doFilterInternal(WebAsyncManagerIntegrationFilter.java:62)
	at org.springframework.web.filter.OncePerRequestFilter.doFilter(OncePerRequestFilter.java:116)
	at org.springframework.security.web.FilterChainProxy$VirtualFilterChain.doFilter(FilterChainProxy.java:374)
	at org.springframework.security.web.session.DisableEncodeUrlFilter.doFilterInternal(DisableEncodeUrlFilter.java:42)
	at org.springframework.web.filter.OncePerRequestFilter.doFilter(OncePerRequestFilter.java:116)
	at org.springframework.security.web.FilterChainProxy$VirtualFilterChain.doFilter(FilterChainProxy.java:374)
	at org.springframework.security.web.FilterChainProxy.doFilterInternal(FilterChainProxy.java:233)
	at org.springframework.security.web.FilterChainProxy.doFilter(FilterChainProxy.java:191)
	at org.springframework.web.filter.CompositeFilter$VirtualFilterChain.doFilter(CompositeFilter.java:113)
	at org.springframework.web.filter.ServletRequestPathFilter.doFilter(ServletRequestPathFilter.java:52)
	at org.springframework.web.filter.CompositeFilter$VirtualFilterChain.doFilter(CompositeFilter.java:113)
	at org.springframework.web.filter.CompositeFilter.doFilter(CompositeFilter.java:74)
	at org.springframework.security.config.annotation.web.configuration.WebSecurityConfiguration$CompositeFilterChainProxy.doFilter(WebSecurityConfiguration.java:319)
	at org.springframework.web.filter.CompositeFilter$VirtualFilterChain.doFilter(CompositeFilter.java:113)
	at org.springframework.web.servlet.handler.HandlerMappingIntrospector.lambda$createCacheFilter$4(HandlerMappingIntrospector.java:267)
	at org.springframework.web.filter.CompositeFilter$VirtualFilterChain.doFilter(CompositeFilter.java:113)
	at org.springframework.web.filter.CompositeFilter.doFilter(CompositeFilter.java:74)
	at org.springframework.security.config.annotation.web.configuration.WebMvcSecurityConfiguration$CompositeFilterChainProxy.doFilter(WebMvcSecurityConfiguration.java:240)
	at org.springframework.web.filter.DelegatingFilterProxy.invokeDelegate(DelegatingFilterProxy.java:362)
	at org.springframework.web.filter.DelegatingFilterProxy.doFilter(DelegatingFilterProxy.java:278)
	at org.apache.catalina.core.ApplicationFilterChain.internalDoFilter(ApplicationFilterChain.java:162)
	at org.apache.catalina.core.ApplicationFilterChain.doFilter(ApplicationFilterChain.java:138)
	at org.springframework.web.filter.RequestContextFilter.doFilterInternal(RequestContextFilter.java:100)
	at org.springframework.web.filter.OncePerRequestFilter.doFilter(OncePerRequestFilter.java:116)
	at org.apache.catalina.core.ApplicationFilterChain.internalDoFilter(ApplicationFilterChain.java:162)
	at org.apache.catalina.core.ApplicationFilterChain.doFilter(ApplicationFilterChain.java:138)
	at org.springframework.web.filter.FormContentFilter.doFilterInternal(FormContentFilter.java:93)
	at org.springframework.web.filter.OncePerRequestFilter.doFilter(OncePerRequestFilter.java:116)
	at org.apache.catalina.core.ApplicationFilterChain.internalDoFilter(ApplicationFilterChain.java:162)
	at org.apache.catalina.core.ApplicationFilterChain.doFilter(ApplicationFilterChain.java:138)
	at org.springframework.web.filter.CharacterEncodingFilter.doFilterInternal(CharacterEncodingFilter.java:201)
	at org.springframework.web.filter.OncePerRequestFilter.doFilter(OncePerRequestFilter.java:116)
	at org.apache.catalina.core.ApplicationFilterChain.internalDoFilter(ApplicationFilterChain.java:162)
	at org.apache.catalina.core.ApplicationFilterChain.doFilter(ApplicationFilterChain.java:138)
	at org.apache.catalina.core.StandardWrapperValve.invoke(StandardWrapperValve.java:165)
	at org.apache.catalina.core.StandardContextValve.invoke(StandardContextValve.java:88)
	at org.apache.catalina.authenticator.AuthenticatorBase.invoke(AuthenticatorBase.java:492)
	at org.apache.catalina.core.StandardHostValve.invoke(StandardHostValve.java:113)
	at org.apache.catalina.valves.ErrorReportValve.invoke(ErrorReportValve.java:83)
	at org.apache.catalina.core.StandardEngineValve.invoke(StandardEngineValve.java:72)
	at org.apache.catalina.valves.RemoteIpValve.invoke(RemoteIpValve.java:733)
	at org.apache.catalina.connector.CoyoteAdapter.service(CoyoteAdapter.java:342)
	at org.apache.coyote.http11.Http11Processor.service(Http11Processor.java:399)
	at org.apache.coyote.AbstractProcessorLight.process(AbstractProcessorLight.java:63)
	at org.apache.coyote.AbstractProtocol$ConnectionHandler.process(AbstractProtocol.java:903)
	at org.apache.tomcat.util.net.NioEndpoint$SocketProcessor.doRun(NioEndpoint.java:1775)
	at org.apache.tomcat.util.net.SocketProcessorBase.run(SocketProcessorBase.java:52)
	at org.apache.tomcat.util.threads.ThreadPoolExecutor.runWorker(ThreadPoolExecutor.java:973)
	at org.apache.tomcat.util.threads.ThreadPoolExecutor$Worker.run(ThreadPoolExecutor.java:491)
	at org.apache.tomcat.util.threads.TaskThread$WrappingRunnable.run(TaskThread.java:63)
	at java.base/java.lang.Thread.run(Thread.java:1583)
2026-08-19 18:24:34,782 INFO c.v.g.s.PostVerificationFilter [http-nio-8080-exec-7] Already authenticated!
2026-08-19 18:24:42,413 INFO c.v.g.s.PostVerificationFilter [http-nio-8080-exec-9] Already authenticated!
2026-08-19 18:25:39,238 INFO o.s.b.w.e.t.GracefulShutdown [SpringApplicationShutdownHook] Commencing graceful shutdown. Waiting for active requests to complete
2026-08-19 18:25:39,257 INFO o.s.b.w.e.t.GracefulShutdown [tomcat-shutdown] Graceful shutdown complete
2026-08-19 18:26:49,793 INFO o.h.v.i.u.Version [background-preinit] HV000001: Hibernate Validator 8.0.3.Final
2026-08-19 18:26:49,853 INFO c.v.g.GramStoreApplication [main] Starting GramStoreApplication using Java 21.0.10 with PID 22988 (C:\Users\dsiro\IdeaProjects\GramStore\target\classes started by dsiro in C:\Users\dsiro\IdeaProjects\GramStore)
2026-08-19 18:26:49,854 INFO c.v.g.GramStoreApplication [main] The following 1 profile is active: "dev"
2026-08-19 18:26:50,797 INFO o.s.d.r.c.RepositoryConfigurationDelegate [main] Multiple Spring Data modules found, entering strict repository configuration mode
2026-08-19 18:26:50,798 INFO o.s.d.r.c.RepositoryConfigurationDelegate [main] Bootstrapping Spring Data MongoDB repositories in DEFAULT mode.
2026-08-19 18:26:50,835 INFO o.s.d.r.c.RepositoryConfigurationDelegate [main] Finished Spring Data repository scanning in 28 ms. Found 0 MongoDB repository interfaces.
2026-08-19 18:26:50,850 INFO o.s.d.r.c.RepositoryConfigurationDelegate [main] Multiple Spring Data modules found, entering strict repository configuration mode
2026-08-19 18:26:50,852 INFO o.s.d.r.c.RepositoryConfigurationDelegate [main] Bootstrapping Spring Data Redis repositories in DEFAULT mode.
2026-08-19 18:26:50,871 INFO o.s.d.r.c.RepositoryConfigurationDelegate [main] Finished Spring Data repository scanning in 10 ms. Found 0 Redis repository interfaces.
2026-08-19 18:26:51,692 INFO o.s.b.w.e.t.TomcatWebServer [main] Tomcat initialized with port 8080 (http)
2026-08-19 18:26:51,706 INFO o.a.c.h.Http11NioProtocol [main] Initializing ProtocolHandler ["http-nio-8080"]
2026-08-19 18:26:51,709 INFO o.a.c.c.StandardService [main] Starting service [Tomcat]
2026-08-19 18:26:51,709 INFO o.a.c.c.StandardEngine [main] Starting Servlet engine: [Apache Tomcat/10.1.52]
2026-08-19 18:26:51,784 INFO o.a.c.c.C.[.[.[/] [main] Initializing Spring embedded WebApplicationContext
2026-08-19 18:26:51,785 INFO o.s.b.w.s.c.ServletWebServerApplicationContext [main] Root WebApplicationContext: initialization completed in 1869 ms
2026-08-19 18:26:52,024 INFO o.m.d.client [main] MongoClient with metadata {"driver": {"name": "mongo-java-driver|sync|spring-boot", "version": "5.5.2"}, "os": {"type": "Windows", "name": "Windows 11", "architecture": "amd64", "version": "10.0"}, "platform": "Java/Oracle Corporation/21.0.10+8-LTS-217"} created with settings MongoClientSettings{readPreference=primary, writeConcern=WriteConcern{w=majority, wTimeout=null ms, journal=null}, retryWrites=true, retryReads=true, readConcern=ReadConcern{level=null}, credential=MongoCredential{mechanism=null, userName='dhiren', source='admin', password=<hidden>, mechanismProperties=<hidden>}, transportSettings=null, commandListeners=[], codecRegistry=ProvidersCodecRegistry{codecProviders=[ValueCodecProvider{}, BsonValueCodecProvider{}, DBRefCodecProvider{}, DBObjectCodecProvider{}, DocumentCodecProvider{}, CollectionCodecProvider{}, IterableCodecProvider{}, MapCodecProvider{}, GeoJsonCodecProvider{}, GridFSFileCodecProvider{}, Jsr310CodecProvider{}, JsonObjectCodecProvider{}, BsonCodecProvider{}, EnumCodecProvider{}, com.mongodb.client.model.mql.ExpressionCodecProvider@3a2546d6, com.mongodb.Jep395RecordCodecProvider@7282af25, com.mongodb.KotlinCodecProvider@7661e474]}, loggerSettings=LoggerSettings{maxDocumentLength=1000}, clusterSettings={hosts=[127.0.0.1:27017], srvHost=vela.tkxsdpk.mongodb.net, srvServiceName=mongodb, mode=MULTIPLE, requiredClusterType=REPLICA_SET, requiredReplicaSetName='atlas-13gwxg-shard-0', serverSelector='null', clusterListeners='[]', serverSelectionTimeout='30000 ms', localThreshold='15 ms'}, socketSettings=SocketSettings{connectTimeoutMS=10000, readTimeoutMS=0, receiveBufferSize=0, proxySettings=ProxySettings{host=null, port=null, username=null, password=null}}, heartbeatSocketSettings=SocketSettings{connectTimeoutMS=10000, readTimeoutMS=10000, receiveBufferSize=0, proxySettings=ProxySettings{host=null, port=null, username=null, password=null}}, connectionPoolSettings=ConnectionPoolSettings{maxSize=100, minSize=0, maxWaitTimeMS=120000, maxConnectionLifeTimeMS=0, maxConnectionIdleTimeMS=0, maintenanceInitialDelayMS=0, maintenanceFrequencyMS=60000, connectionPoolListeners=[], maxConnecting=2}, serverSettings=ServerSettings{heartbeatFrequencyMS=10000, minHeartbeatFrequencyMS=500, serverMonitoringMode=AUTO, serverListeners='[]', serverMonitorListeners='[]'}, sslSettings=SslSettings{enabled=true, invalidHostNameAllowed=false, context=null}, applicationName='null', compressorList=[], uuidRepresentation=JAVA_LEGACY, serverApi=null, autoEncryptionSettings=null, dnsClient=null, inetAddressResolver=null, contextProvider=null, timeoutMS=null}
2026-08-19 18:26:52,043 INFO o.m.d.cluster [cluster-ClusterId{value='6a85a8137ffb89e27e1074fc', description='null'}-srv-vela.tkxsdpk.mongodb.net] Adding discovered server ac-pwzxuxu-shard-00-00.tkxsdpk.mongodb.net:27017 to client view of cluster
2026-08-19 18:26:52,071 INFO o.m.d.cluster [cluster-ClusterId{value='6a85a8137ffb89e27e1074fc', description='null'}-srv-vela.tkxsdpk.mongodb.net] Adding discovered server ac-pwzxuxu-shard-00-01.tkxsdpk.mongodb.net:27017 to client view of cluster
2026-08-19 18:26:52,074 INFO o.m.d.cluster [cluster-ClusterId{value='6a85a8137ffb89e27e1074fc', description='null'}-srv-vela.tkxsdpk.mongodb.net] Adding discovered server ac-pwzxuxu-shard-00-02.tkxsdpk.mongodb.net:27017 to client view of cluster
2026-08-19 18:26:52,509 INFO o.m.d.cluster [main] Waiting for server to become available for operation with ID 5. Remaining time: 29994 ms. Selector: WritableServerSelector, topology description: {type=REPLICA_SET, servers=[{address=ac-pwzxuxu-shard-00-00.tkxsdpk.mongodb.net:27017, type=UNKNOWN, state=CONNECTING}, {address=ac-pwzxuxu-shard-00-01.tkxsdpk.mongodb.net:27017, type=UNKNOWN, state=CONNECTING}, {address=ac-pwzxuxu-shard-00-02.tkxsdpk.mongodb.net:27017, type=UNKNOWN, state=CONNECTING}].
2026-08-19 18:26:52,890 INFO o.m.d.cluster [cluster-ClusterId{value='6a85a8137ffb89e27e1074fc', description='null'}-ac-pwzxuxu-shard-00-01.tkxsdpk.mongodb.net:27017] Monitor thread successfully connected to server with description ServerDescription{address=ac-pwzxuxu-shard-00-01.tkxsdpk.mongodb.net:27017, type=REPLICA_SET_PRIMARY, cryptd=false, state=CONNECTED, ok=true, minWireVersion=0, maxWireVersion=25, maxDocumentSize=16777216, logicalSessionTimeoutMinutes=30, roundTripTimeNanos=533056800, minRoundTripTimeNanos=0, setName='atlas-13gwxg-shard-0', canonicalAddress=ac-pwzxuxu-shard-00-01.tkxsdpk.mongodb.net:27017, hosts=[ac-pwzxuxu-shard-00-02.tkxsdpk.mongodb.net:27017, ac-pwzxuxu-shard-00-00.tkxsdpk.mongodb.net:27017, ac-pwzxuxu-shard-00-01.tkxsdpk.mongodb.net:27017], passives=[], arbiters=[], primary='ac-pwzxuxu-shard-00-01.tkxsdpk.mongodb.net:27017', tagSet=TagSet{[Tag{name='cacheState', value='READY'}, Tag{name='diskState', value='READY'}, Tag{name='nodeType', value='ELECTABLE'}, Tag{name='provider', value='AZURE'}, Tag{name='region', value='INDIA_CENTRAL'}, Tag{name='workloadType', value='OPERATIONAL'}]}, electionId=7fffffff00000000000001cb, setVersion=415, topologyVersion=TopologyVersion{processId=6a7a3259a49ce98341b01ffe, counter=10}, lastWriteDate=Wed Aug 19 18:26:52 IST 2026, lastUpdateTimeNanos=158187942268300}
2026-08-19 18:26:52,891 INFO o.m.d.cluster [cluster-ClusterId{value='6a85a8137ffb89e27e1074fc', description='null'}-ac-pwzxuxu-shard-00-02.tkxsdpk.mongodb.net:27017] Monitor thread successfully connected to server with description ServerDescription{address=ac-pwzxuxu-shard-00-02.tkxsdpk.mongodb.net:27017, type=REPLICA_SET_SECONDARY, cryptd=false, state=CONNECTED, ok=true, minWireVersion=0, maxWireVersion=25, maxDocumentSize=16777216, logicalSessionTimeoutMinutes=30, roundTripTimeNanos=533007700, minRoundTripTimeNanos=0, setName='atlas-13gwxg-shard-0', canonicalAddress=ac-pwzxuxu-shard-00-02.tkxsdpk.mongodb.net:27017, hosts=[ac-pwzxuxu-shard-00-02.tkxsdpk.mongodb.net:27017, ac-pwzxuxu-shard-00-00.tkxsdpk.mongodb.net:27017, ac-pwzxuxu-shard-00-01.tkxsdpk.mongodb.net:27017], passives=[], arbiters=[], primary='ac-pwzxuxu-shard-00-01.tkxsdpk.mongodb.net:27017', tagSet=TagSet{[Tag{name='cacheState', value='READY'}, Tag{name='diskState', value='READY'}, Tag{name='nodeType', value='ELECTABLE'}, Tag{name='provider', value='AZURE'}, Tag{name='region', value='INDIA_CENTRAL'}, Tag{name='workloadType', value='OPERATIONAL'}]}, electionId=null, setVersion=415, topologyVersion=TopologyVersion{processId=6a7a34d9d31996b1e8776014, counter=5}, lastWriteDate=Wed Aug 19 18:26:52 IST 2026, lastUpdateTimeNanos=158187942243100}
2026-08-19 18:26:52,891 INFO o.m.d.cluster [cluster-ClusterId{value='6a85a8137ffb89e27e1074fc', description='null'}-ac-pwzxuxu-shard-00-00.tkxsdpk.mongodb.net:27017] Monitor thread successfully connected to server with description ServerDescription{address=ac-pwzxuxu-shard-00-00.tkxsdpk.mongodb.net:27017, type=REPLICA_SET_SECONDARY, cryptd=false, state=CONNECTED, ok=true, minWireVersion=0, maxWireVersion=25, maxDocumentSize=16777216, logicalSessionTimeoutMinutes=30, roundTripTimeNanos=533076100, minRoundTripTimeNanos=0, setName='atlas-13gwxg-shard-0', canonicalAddress=ac-pwzxuxu-shard-00-00.tkxsdpk.mongodb.net:27017, hosts=[ac-pwzxuxu-shard-00-02.tkxsdpk.mongodb.net:27017, ac-pwzxuxu-shard-00-00.tkxsdpk.mongodb.net:27017, ac-pwzxuxu-shard-00-01.tkxsdpk.mongodb.net:27017], passives=[], arbiters=[], primary='ac-pwzxuxu-shard-00-01.tkxsdpk.mongodb.net:27017', tagSet=TagSet{[Tag{name='cacheState', value='READY'}, Tag{name='diskState', value='READY'}, Tag{name='nodeType', value='ELECTABLE'}, Tag{name='provider', value='AZURE'}, Tag{name='region', value='INDIA_CENTRAL'}, Tag{name='workloadType', value='OPERATIONAL'}]}, electionId=null, setVersion=415, topologyVersion=TopologyVersion{processId=6a7a303208088ee8ec208729, counter=10}, lastWriteDate=Wed Aug 19 18:26:52 IST 2026, lastUpdateTimeNanos=158187942257600}
2026-08-19 18:26:52,895 INFO o.m.d.cluster [cluster-ClusterId{value='6a85a8137ffb89e27e1074fc', description='null'}-ac-pwzxuxu-shard-00-01.tkxsdpk.mongodb.net:27017] Discovered replica set primary ac-pwzxuxu-shard-00-01.tkxsdpk.mongodb.net:27017 with max election id 7fffffff00000000000001cb and max set version 415
2026-08-19 18:26:56,055 INFO o.s.s.c.a.a.c.InitializeUserDetailsBeanManagerConfigurer$InitializeUserDetailsManagerConfigurer [main] Global AuthenticationManager configured with UserDetailsService bean with name userDetailsServiceImpl
2026-08-19 18:26:56,605 INFO o.a.c.h.Http11NioProtocol [main] Starting ProtocolHandler ["http-nio-8080"]
2026-08-19 18:26:56,619 INFO o.s.b.w.e.t.TomcatWebServer [main] Tomcat started on port 8080 (http) with context path '/'
2026-08-19 18:26:56,630 INFO c.v.g.GramStoreApplication [main] Started GramStoreApplication in 7.296 seconds (process running for 8.242)
2026-08-19 18:27:29,059 INFO o.a.c.c.C.[.[.[/] [http-nio-8080-exec-2] Initializing Spring DispatcherServlet 'dispatcherServlet'
2026-08-19 18:27:29,059 INFO o.s.w.s.DispatcherServlet [http-nio-8080-exec-2] Initializing Servlet 'dispatcherServlet'
2026-08-19 18:27:29,082 INFO o.s.w.s.DispatcherServlet [http-nio-8080-exec-2] Completed initialization in 3 ms
2026-08-19 18:27:41,965 INFO c.v.g.s.PostVerificationFilter [http-nio-8080-exec-3] Already authenticated!
2026-08-19 18:28:20,677 INFO o.s.b.w.e.t.GracefulShutdown [SpringApplicationShutdownHook] Commencing graceful shutdown. Waiting for active requests to complete
2026-08-19 18:28:20,697 INFO o.s.b.w.e.t.GracefulShutdown [tomcat-shutdown] Graceful shutdown complete
2026-08-19 18:53:15,484 INFO o.h.v.i.u.Version [background-preinit] HV000001: Hibernate Validator 8.0.3.Final
2026-08-19 18:53:15,555 INFO c.v.g.GramStoreApplication [main] Starting GramStoreApplication using Java 21.0.10 with PID 780 (C:\Users\dsiro\IdeaProjects\GramStore\target\classes started by dsiro in C:\Users\dsiro\IdeaProjects\GramStore)
2026-08-19 18:53:15,557 INFO c.v.g.GramStoreApplication [main] The following 1 profile is active: "dev"
2026-08-19 18:53:16,798 INFO o.s.d.r.c.RepositoryConfigurationDelegate [main] Multiple Spring Data modules found, entering strict repository configuration mode
2026-08-19 18:53:16,803 INFO o.s.d.r.c.RepositoryConfigurationDelegate [main] Bootstrapping Spring Data MongoDB repositories in DEFAULT mode.
2026-08-19 18:53:16,843 INFO o.s.d.r.c.RepositoryConfigurationDelegate [main] Finished Spring Data repository scanning in 31 ms. Found 0 MongoDB repository interfaces.
2026-08-19 18:53:16,870 INFO o.s.d.r.c.RepositoryConfigurationDelegate [main] Multiple Spring Data modules found, entering strict repository configuration mode
2026-08-19 18:53:16,870 INFO o.s.d.r.c.RepositoryConfigurationDelegate [main] Bootstrapping Spring Data Redis repositories in DEFAULT mode.
2026-08-19 18:53:16,909 INFO o.s.d.r.c.RepositoryConfigurationDelegate [main] Finished Spring Data repository scanning in 19 ms. Found 0 Redis repository interfaces.
2026-08-19 18:53:18,763 INFO o.s.b.w.e.t.TomcatWebServer [main] Tomcat initialized with port 8080 (http)
2026-08-19 18:53:18,794 INFO o.a.c.h.Http11NioProtocol [main] Initializing ProtocolHandler ["http-nio-8080"]
2026-08-19 18:53:18,795 INFO o.a.c.c.StandardService [main] Starting service [Tomcat]
2026-08-19 18:53:18,795 INFO o.a.c.c.StandardEngine [main] Starting Servlet engine: [Apache Tomcat/10.1.52]
2026-08-19 18:53:18,982 INFO o.a.c.c.C.[.[.[/] [main] Initializing Spring embedded WebApplicationContext
2026-08-19 18:53:18,982 INFO o.s.b.w.s.c.ServletWebServerApplicationContext [main] Root WebApplicationContext: initialization completed in 3344 ms
2026-08-19 18:53:19,447 INFO o.m.d.cluster [cluster-ClusterId{value='6a85ae47024c437351cde44f', description='null'}-srv-vela.tkxsdpk.mongodb.net] Adding discovered server ac-pwzxuxu-shard-00-00.tkxsdpk.mongodb.net:27017 to client view of cluster
2026-08-19 18:53:19,530 INFO o.m.d.client [main] MongoClient with metadata {"driver": {"name": "mongo-java-driver|sync|spring-boot", "version": "5.5.2"}, "os": {"type": "Windows", "name": "Windows 11", "architecture": "amd64", "version": "10.0"}, "platform": "Java/Oracle Corporation/21.0.10+8-LTS-217"} created with settings MongoClientSettings{readPreference=primary, writeConcern=WriteConcern{w=majority, wTimeout=null ms, journal=null}, retryWrites=true, retryReads=true, readConcern=ReadConcern{level=null}, credential=MongoCredential{mechanism=null, userName='dhiren', source='admin', password=<hidden>, mechanismProperties=<hidden>}, transportSettings=null, commandListeners=[], codecRegistry=ProvidersCodecRegistry{codecProviders=[ValueCodecProvider{}, BsonValueCodecProvider{}, DBRefCodecProvider{}, DBObjectCodecProvider{}, DocumentCodecProvider{}, CollectionCodecProvider{}, IterableCodecProvider{}, MapCodecProvider{}, GeoJsonCodecProvider{}, GridFSFileCodecProvider{}, Jsr310CodecProvider{}, JsonObjectCodecProvider{}, BsonCodecProvider{}, EnumCodecProvider{}, com.mongodb.client.model.mql.ExpressionCodecProvider@7f12094d, com.mongodb.Jep395RecordCodecProvider@589fb74d, com.mongodb.KotlinCodecProvider@200d1a3d]}, loggerSettings=LoggerSettings{maxDocumentLength=1000}, clusterSettings={hosts=[127.0.0.1:27017], srvHost=vela.tkxsdpk.mongodb.net, srvServiceName=mongodb, mode=MULTIPLE, requiredClusterType=REPLICA_SET, requiredReplicaSetName='atlas-13gwxg-shard-0', serverSelector='null', clusterListeners='[]', serverSelectionTimeout='30000 ms', localThreshold='15 ms'}, socketSettings=SocketSettings{connectTimeoutMS=10000, readTimeoutMS=0, receiveBufferSize=0, proxySettings=ProxySettings{host=null, port=null, username=null, password=null}}, heartbeatSocketSettings=SocketSettings{connectTimeoutMS=10000, readTimeoutMS=10000, receiveBufferSize=0, proxySettings=ProxySettings{host=null, port=null, username=null, password=null}}, connectionPoolSettings=ConnectionPoolSettings{maxSize=100, minSize=0, maxWaitTimeMS=120000, maxConnectionLifeTimeMS=0, maxConnectionIdleTimeMS=0, maintenanceInitialDelayMS=0, maintenanceFrequencyMS=60000, connectionPoolListeners=[], maxConnecting=2}, serverSettings=ServerSettings{heartbeatFrequencyMS=10000, minHeartbeatFrequencyMS=500, serverMonitoringMode=AUTO, serverListeners='[]', serverMonitorListeners='[]'}, sslSettings=SslSettings{enabled=true, invalidHostNameAllowed=false, context=null}, applicationName='null', compressorList=[], uuidRepresentation=JAVA_LEGACY, serverApi=null, autoEncryptionSettings=null, dnsClient=null, inetAddressResolver=null, contextProvider=null, timeoutMS=null}
2026-08-19 18:53:19,538 INFO o.m.d.cluster [cluster-ClusterId{value='6a85ae47024c437351cde44f', description='null'}-srv-vela.tkxsdpk.mongodb.net] Adding discovered server ac-pwzxuxu-shard-00-01.tkxsdpk.mongodb.net:27017 to client view of cluster
2026-08-19 18:53:19,552 INFO o.m.d.cluster [cluster-ClusterId{value='6a85ae47024c437351cde44f', description='null'}-srv-vela.tkxsdpk.mongodb.net] Adding discovered server ac-pwzxuxu-shard-00-02.tkxsdpk.mongodb.net:27017 to client view of cluster
2026-08-19 18:53:20,511 INFO o.m.d.cluster [main] Waiting for server to become available for operation with ID 5. Remaining time: 29985 ms. Selector: WritableServerSelector, topology description: {type=REPLICA_SET, servers=[{address=ac-pwzxuxu-shard-00-00.tkxsdpk.mongodb.net:27017, type=UNKNOWN, state=CONNECTING}, {address=ac-pwzxuxu-shard-00-01.tkxsdpk.mongodb.net:27017, type=UNKNOWN, state=CONNECTING}, {address=ac-pwzxuxu-shard-00-02.tkxsdpk.mongodb.net:27017, type=UNKNOWN, state=CONNECTING}].
2026-08-19 18:53:20,536 INFO o.m.d.cluster [cluster-ClusterId{value='6a85ae47024c437351cde44f', description='null'}-ac-pwzxuxu-shard-00-00.tkxsdpk.mongodb.net:27017] Monitor thread successfully connected to server with description ServerDescription{address=ac-pwzxuxu-shard-00-00.tkxsdpk.mongodb.net:27017, type=REPLICA_SET_SECONDARY, cryptd=false, state=CONNECTED, ok=true, minWireVersion=0, maxWireVersion=25, maxDocumentSize=16777216, logicalSessionTimeoutMinutes=30, roundTripTimeNanos=533398600, minRoundTripTimeNanos=0, setName='atlas-13gwxg-shard-0', canonicalAddress=ac-pwzxuxu-shard-00-00.tkxsdpk.mongodb.net:27017, hosts=[ac-pwzxuxu-shard-00-02.tkxsdpk.mongodb.net:27017, ac-pwzxuxu-shard-00-00.tkxsdpk.mongodb.net:27017, ac-pwzxuxu-shard-00-01.tkxsdpk.mongodb.net:27017], passives=[], arbiters=[], primary='ac-pwzxuxu-shard-00-01.tkxsdpk.mongodb.net:27017', tagSet=TagSet{[Tag{name='cacheState', value='READY'}, Tag{name='diskState', value='READY'}, Tag{name='nodeType', value='ELECTABLE'}, Tag{name='provider', value='AZURE'}, Tag{name='region', value='INDIA_CENTRAL'}, Tag{name='workloadType', value='OPERATIONAL'}]}, electionId=null, setVersion=415, topologyVersion=TopologyVersion{processId=6a7a303208088ee8ec208729, counter=10}, lastWriteDate=Wed Aug 19 18:53:20 IST 2026, lastUpdateTimeNanos=159775591087100}
2026-08-19 18:53:20,536 INFO o.m.d.cluster [cluster-ClusterId{value='6a85ae47024c437351cde44f', description='null'}-ac-pwzxuxu-shard-00-01.tkxsdpk.mongodb.net:27017] Monitor thread successfully connected to server with description ServerDescription{address=ac-pwzxuxu-shard-00-01.tkxsdpk.mongodb.net:27017, type=REPLICA_SET_PRIMARY, cryptd=false, state=CONNECTED, ok=true, minWireVersion=0, maxWireVersion=25, maxDocumentSize=16777216, logicalSessionTimeoutMinutes=30, roundTripTimeNanos=535166200, minRoundTripTimeNanos=0, setName='atlas-13gwxg-shard-0', canonicalAddress=ac-pwzxuxu-shard-00-01.tkxsdpk.mongodb.net:27017, hosts=[ac-pwzxuxu-shard-00-02.tkxsdpk.mongodb.net:27017, ac-pwzxuxu-shard-00-00.tkxsdpk.mongodb.net:27017, ac-pwzxuxu-shard-00-01.tkxsdpk.mongodb.net:27017], passives=[], arbiters=[], primary='ac-pwzxuxu-shard-00-01.tkxsdpk.mongodb.net:27017', tagSet=TagSet{[Tag{name='cacheState', value='READY'}, Tag{name='diskState', value='READY'}, Tag{name='nodeType', value='ELECTABLE'}, Tag{name='provider', value='AZURE'}, Tag{name='region', value='INDIA_CENTRAL'}, Tag{name='workloadType', value='OPERATIONAL'}]}, electionId=7fffffff00000000000001cb, setVersion=415, topologyVersion=TopologyVersion{processId=6a7a3259a49ce98341b01ffe, counter=10}, lastWriteDate=Wed Aug 19 18:53:20 IST 2026, lastUpdateTimeNanos=159775591087000}
2026-08-19 18:53:20,536 INFO o.m.d.cluster [cluster-ClusterId{value='6a85ae47024c437351cde44f', description='null'}-ac-pwzxuxu-shard-00-02.tkxsdpk.mongodb.net:27017] Monitor thread successfully connected to server with description ServerDescription{address=ac-pwzxuxu-shard-00-02.tkxsdpk.mongodb.net:27017, type=REPLICA_SET_SECONDARY, cryptd=false, state=CONNECTED, ok=true, minWireVersion=0, maxWireVersion=25, maxDocumentSize=16777216, logicalSessionTimeoutMinutes=30, roundTripTimeNanos=535165000, minRoundTripTimeNanos=0, setName='atlas-13gwxg-shard-0', canonicalAddress=ac-pwzxuxu-shard-00-02.tkxsdpk.mongodb.net:27017, hosts=[ac-pwzxuxu-shard-00-02.tkxsdpk.mongodb.net:27017, ac-pwzxuxu-shard-00-00.tkxsdpk.mongodb.net:27017, ac-pwzxuxu-shard-00-01.tkxsdpk.mongodb.net:27017], passives=[], arbiters=[], primary='ac-pwzxuxu-shard-00-01.tkxsdpk.mongodb.net:27017', tagSet=TagSet{[Tag{name='cacheState', value='READY'}, Tag{name='diskState', value='READY'}, Tag{name='nodeType', value='ELECTABLE'}, Tag{name='provider', value='AZURE'}, Tag{name='region', value='INDIA_CENTRAL'}, Tag{name='workloadType', value='OPERATIONAL'}]}, electionId=null, setVersion=415, topologyVersion=TopologyVersion{processId=6a7a34d9d31996b1e8776014, counter=5}, lastWriteDate=Wed Aug 19 18:53:20 IST 2026, lastUpdateTimeNanos=159775591087100}
2026-08-19 18:53:20,546 INFO o.m.d.cluster [cluster-ClusterId{value='6a85ae47024c437351cde44f', description='null'}-ac-pwzxuxu-shard-00-01.tkxsdpk.mongodb.net:27017] Discovered replica set primary ac-pwzxuxu-shard-00-01.tkxsdpk.mongodb.net:27017 with max election id 7fffffff00000000000001cb and max set version 415
2026-08-19 18:53:23,739 INFO o.s.s.c.a.a.c.InitializeUserDetailsBeanManagerConfigurer$InitializeUserDetailsManagerConfigurer [main] Global AuthenticationManager configured with UserDetailsService bean with name userDetailsServiceImpl
2026-08-19 18:53:25,195 INFO o.a.c.h.Http11NioProtocol [main] Starting ProtocolHandler ["http-nio-8080"]
2026-08-19 18:53:25,222 INFO o.s.b.w.e.t.TomcatWebServer [main] Tomcat started on port 8080 (http) with context path '/'
2026-08-19 18:53:25,251 INFO c.v.g.GramStoreApplication [main] Started GramStoreApplication in 10.308 seconds (process running for 11.209)
2026-08-19 18:54:33,433 INFO o.a.c.c.C.[.[.[/] [http-nio-8080-exec-2] Initializing Spring DispatcherServlet 'dispatcherServlet'
2026-08-19 18:54:33,435 INFO o.s.w.s.DispatcherServlet [http-nio-8080-exec-2] Initializing Servlet 'dispatcherServlet'
2026-08-19 18:54:33,435 INFO o.s.w.s.DispatcherServlet [http-nio-8080-exec-2] Completed initialization in 0 ms
2026-08-19 18:54:33,677 ERROR c.v.g.s.AuthFilter [http-nio-8080-exec-2] Error(Custom): 
io.jsonwebtoken.MalformedJwtException: Invalid compact JWT string: Compact JWSs must contain exactly 2 period characters, and compact JWEs must contain exactly 4.  Found: 3
	at io.jsonwebtoken.impl.JwtTokenizer.tokenize(JwtTokenizer.java:102)
	at io.jsonwebtoken.impl.DefaultJwtParser.parse(DefaultJwtParser.java:372)
	at io.jsonwebtoken.impl.DefaultJwtParser.parse(DefaultJwtParser.java:364)
	at io.jsonwebtoken.impl.DefaultJwtParser.parse(DefaultJwtParser.java:94)
	at io.jsonwebtoken.impl.io.AbstractParser.parse(AbstractParser.java:36)
	at io.jsonwebtoken.impl.io.AbstractParser.parse(AbstractParser.java:29)
	at io.jsonwebtoken.impl.DefaultJwtParser.parseSignedClaims(DefaultJwtParser.java:827)
	at com.vela.gramstore.security.AccessTokenUtil.extractAllClaims(AccessTokenUtil.java:53)
	at com.vela.gramstore.security.AccessTokenUtil.verifyAndExtractUsername(AccessTokenUtil.java:42)
	at com.vela.gramstore.security.AccessTokenUtil.isTokenExpiredOrInvalid(AccessTokenUtil.java:59)
	at com.vela.gramstore.security.filter.AuthFilter.doFilterInternal(AuthFilter.java:35)
	at org.springframework.web.filter.OncePerRequestFilter.doFilter(OncePerRequestFilter.java:116)
	at org.springframework.security.web.FilterChainProxy$VirtualFilterChain.doFilter(FilterChainProxy.java:374)
	at org.springframework.security.web.authentication.logout.LogoutFilter.doFilter(LogoutFilter.java:107)
	at org.springframework.security.web.authentication.logout.LogoutFilter.doFilter(LogoutFilter.java:93)
	at org.springframework.security.web.FilterChainProxy$VirtualFilterChain.doFilter(FilterChainProxy.java:374)
	at org.springframework.web.filter.CorsFilter.doFilterInternal(CorsFilter.java:91)
	at org.springframework.web.filter.OncePerRequestFilter.doFilter(OncePerRequestFilter.java:116)
	at org.springframework.security.web.FilterChainProxy$VirtualFilterChain.doFilter(FilterChainProxy.java:374)
	at org.springframework.security.web.header.HeaderWriterFilter.doHeadersAfter(HeaderWriterFilter.java:90)
	at org.springframework.security.web.header.HeaderWriterFilter.doFilterInternal(HeaderWriterFilter.java:75)
	at org.springframework.web.filter.OncePerRequestFilter.doFilter(OncePerRequestFilter.java:116)
	at org.springframework.security.web.FilterChainProxy$VirtualFilterChain.doFilter(FilterChainProxy.java:374)
	at org.springframework.security.web.context.SecurityContextHolderFilter.doFilter(SecurityContextHolderFilter.java:82)
	at org.springframework.security.web.context.SecurityContextHolderFilter.doFilter(SecurityContextHolderFilter.java:69)
	at org.springframework.security.web.FilterChainProxy$VirtualFilterChain.doFilter(FilterChainProxy.java:374)
	at org.springframework.security.web.context.request.async.WebAsyncManagerIntegrationFilter.doFilterInternal(WebAsyncManagerIntegrationFilter.java:62)
	at org.springframework.web.filter.OncePerRequestFilter.doFilter(OncePerRequestFilter.java:116)
	at org.springframework.security.web.FilterChainProxy$VirtualFilterChain.doFilter(FilterChainProxy.java:374)
	at org.springframework.security.web.session.DisableEncodeUrlFilter.doFilterInternal(DisableEncodeUrlFilter.java:42)
	at org.springframework.web.filter.OncePerRequestFilter.doFilter(OncePerRequestFilter.java:116)
	at org.springframework.security.web.FilterChainProxy$VirtualFilterChain.doFilter(FilterChainProxy.java:374)
	at org.springframework.security.web.FilterChainProxy.doFilterInternal(FilterChainProxy.java:233)
	at org.springframework.security.web.FilterChainProxy.doFilter(FilterChainProxy.java:191)
	at org.springframework.web.filter.CompositeFilter$VirtualFilterChain.doFilter(CompositeFilter.java:113)
	at org.springframework.web.filter.ServletRequestPathFilter.doFilter(ServletRequestPathFilter.java:52)
	at org.springframework.web.filter.CompositeFilter$VirtualFilterChain.doFilter(CompositeFilter.java:113)
	at org.springframework.web.filter.CompositeFilter.doFilter(CompositeFilter.java:74)
	at org.springframework.security.config.annotation.web.configuration.WebSecurityConfiguration$CompositeFilterChainProxy.doFilter(WebSecurityConfiguration.java:319)
	at org.springframework.web.filter.CompositeFilter$VirtualFilterChain.doFilter(CompositeFilter.java:113)
	at org.springframework.web.servlet.handler.HandlerMappingIntrospector.lambda$createCacheFilter$4(HandlerMappingIntrospector.java:267)
	at org.springframework.web.filter.CompositeFilter$VirtualFilterChain.doFilter(CompositeFilter.java:113)
	at org.springframework.web.filter.CompositeFilter.doFilter(CompositeFilter.java:74)
	at org.springframework.security.config.annotation.web.configuration.WebMvcSecurityConfiguration$CompositeFilterChainProxy.doFilter(WebMvcSecurityConfiguration.java:240)
	at org.springframework.web.filter.DelegatingFilterProxy.invokeDelegate(DelegatingFilterProxy.java:362)
	at org.springframework.web.filter.DelegatingFilterProxy.doFilter(DelegatingFilterProxy.java:278)
	at org.apache.catalina.core.ApplicationFilterChain.internalDoFilter(ApplicationFilterChain.java:162)
	at org.apache.catalina.core.ApplicationFilterChain.doFilter(ApplicationFilterChain.java:138)
	at org.springframework.web.filter.RequestContextFilter.doFilterInternal(RequestContextFilter.java:100)
	at org.springframework.web.filter.OncePerRequestFilter.doFilter(OncePerRequestFilter.java:116)
	at org.apache.catalina.core.ApplicationFilterChain.internalDoFilter(ApplicationFilterChain.java:162)
	at org.apache.catalina.core.ApplicationFilterChain.doFilter(ApplicationFilterChain.java:138)
	at org.springframework.web.filter.FormContentFilter.doFilterInternal(FormContentFilter.java:93)
	at org.springframework.web.filter.OncePerRequestFilter.doFilter(OncePerRequestFilter.java:116)
	at org.apache.catalina.core.ApplicationFilterChain.internalDoFilter(ApplicationFilterChain.java:162)
	at org.apache.catalina.core.ApplicationFilterChain.doFilter(ApplicationFilterChain.java:138)
	at org.springframework.web.filter.CharacterEncodingFilter.doFilterInternal(CharacterEncodingFilter.java:201)
	at org.springframework.web.filter.OncePerRequestFilter.doFilter(OncePerRequestFilter.java:116)
	at org.apache.catalina.core.ApplicationFilterChain.internalDoFilter(ApplicationFilterChain.java:162)
	at org.apache.catalina.core.ApplicationFilterChain.doFilter(ApplicationFilterChain.java:138)
	at org.apache.catalina.core.StandardWrapperValve.invoke(StandardWrapperValve.java:165)
	at org.apache.catalina.core.StandardContextValve.invoke(StandardContextValve.java:88)
	at org.apache.catalina.authenticator.AuthenticatorBase.invoke(AuthenticatorBase.java:492)
	at org.apache.catalina.core.StandardHostValve.invoke(StandardHostValve.java:113)
	at org.apache.catalina.valves.ErrorReportValve.invoke(ErrorReportValve.java:83)
	at org.apache.catalina.core.StandardEngineValve.invoke(StandardEngineValve.java:72)
	at org.apache.catalina.valves.RemoteIpValve.invoke(RemoteIpValve.java:733)
	at org.apache.catalina.connector.CoyoteAdapter.service(CoyoteAdapter.java:342)
	at org.apache.coyote.http11.Http11Processor.service(Http11Processor.java:399)
	at org.apache.coyote.AbstractProcessorLight.process(AbstractProcessorLight.java:63)
	at org.apache.coyote.AbstractProtocol$ConnectionHandler.process(AbstractProtocol.java:903)
	at org.apache.tomcat.util.net.NioEndpoint$SocketProcessor.doRun(NioEndpoint.java:1775)
	at org.apache.tomcat.util.net.SocketProcessorBase.run(SocketProcessorBase.java:52)
	at org.apache.tomcat.util.threads.ThreadPoolExecutor.runWorker(ThreadPoolExecutor.java:973)
	at org.apache.tomcat.util.threads.ThreadPoolExecutor$Worker.run(ThreadPoolExecutor.java:491)
	at org.apache.tomcat.util.threads.TaskThread$WrappingRunnable.run(TaskThread.java:63)
	at java.base/java.lang.Thread.run(Thread.java:1583)
2026-08-19 18:55:38,279 INFO o.s.b.w.e.t.GracefulShutdown [SpringApplicationShutdownHook] Commencing graceful shutdown. Waiting for active requests to complete
2026-08-19 18:55:38,301 INFO o.s.b.w.e.t.GracefulShutdown [tomcat-shutdown] Graceful shutdown complete
2026-08-19 19:04:42,360 INFO o.h.v.i.u.Version [background-preinit] HV000001: Hibernate Validator 8.0.3.Final
2026-08-19 19:04:42,432 INFO c.v.g.GramStoreApplication [main] Starting GramStoreApplication using Java 21.0.10 with PID 20272 (C:\Users\dsiro\IdeaProjects\GramStore\target\classes started by dsiro in C:\Users\dsiro\IdeaProjects\GramStore)
2026-08-19 19:04:42,433 INFO c.v.g.GramStoreApplication [main] The following 1 profile is active: "dev"
2026-08-19 19:04:43,459 INFO o.s.d.r.c.RepositoryConfigurationDelegate [main] Multiple Spring Data modules found, entering strict repository configuration mode
2026-08-19 19:04:43,460 INFO o.s.d.r.c.RepositoryConfigurationDelegate [main] Bootstrapping Spring Data MongoDB repositories in DEFAULT mode.
2026-08-19 19:04:43,499 INFO o.s.d.r.c.RepositoryConfigurationDelegate [main] Finished Spring Data repository scanning in 30 ms. Found 0 MongoDB repository interfaces.
2026-08-19 19:04:43,518 INFO o.s.d.r.c.RepositoryConfigurationDelegate [main] Multiple Spring Data modules found, entering strict repository configuration mode
2026-08-19 19:04:43,520 INFO o.s.d.r.c.RepositoryConfigurationDelegate [main] Bootstrapping Spring Data Redis repositories in DEFAULT mode.
2026-08-19 19:04:43,545 INFO o.s.d.r.c.RepositoryConfigurationDelegate [main] Finished Spring Data repository scanning in 12 ms. Found 0 Redis repository interfaces.
2026-08-19 19:04:44,398 INFO o.s.b.w.e.t.TomcatWebServer [main] Tomcat initialized with port 8080 (http)
2026-08-19 19:04:44,412 INFO o.a.c.h.Http11NioProtocol [main] Initializing ProtocolHandler ["http-nio-8080"]
2026-08-19 19:04:44,415 INFO o.a.c.c.StandardService [main] Starting service [Tomcat]
2026-08-19 19:04:44,416 INFO o.a.c.c.StandardEngine [main] Starting Servlet engine: [Apache Tomcat/10.1.52]
2026-08-19 19:04:44,491 INFO o.a.c.c.C.[.[.[/] [main] Initializing Spring embedded WebApplicationContext
2026-08-19 19:04:44,492 INFO o.s.b.w.s.c.ServletWebServerApplicationContext [main] Root WebApplicationContext: initialization completed in 1987 ms
2026-08-19 19:04:44,734 INFO o.m.d.client [main] MongoClient with metadata {"driver": {"name": "mongo-java-driver|sync|spring-boot", "version": "5.5.2"}, "os": {"type": "Windows", "name": "Windows 11", "architecture": "amd64", "version": "10.0"}, "platform": "Java/Oracle Corporation/21.0.10+8-LTS-217"} created with settings MongoClientSettings{readPreference=primary, writeConcern=WriteConcern{w=majority, wTimeout=null ms, journal=null}, retryWrites=true, retryReads=true, readConcern=ReadConcern{level=null}, credential=MongoCredential{mechanism=null, userName='dhiren', source='admin', password=<hidden>, mechanismProperties=<hidden>}, transportSettings=null, commandListeners=[], codecRegistry=ProvidersCodecRegistry{codecProviders=[ValueCodecProvider{}, BsonValueCodecProvider{}, DBRefCodecProvider{}, DBObjectCodecProvider{}, DocumentCodecProvider{}, CollectionCodecProvider{}, IterableCodecProvider{}, MapCodecProvider{}, GeoJsonCodecProvider{}, GridFSFileCodecProvider{}, Jsr310CodecProvider{}, JsonObjectCodecProvider{}, BsonCodecProvider{}, EnumCodecProvider{}, com.mongodb.client.model.mql.ExpressionCodecProvider@7661e474, com.mongodb.Jep395RecordCodecProvider@20ffb8d5, com.mongodb.KotlinCodecProvider@307c59ea]}, loggerSettings=LoggerSettings{maxDocumentLength=1000}, clusterSettings={hosts=[127.0.0.1:27017], srvHost=vela.tkxsdpk.mongodb.net, srvServiceName=mongodb, mode=MULTIPLE, requiredClusterType=REPLICA_SET, requiredReplicaSetName='atlas-13gwxg-shard-0', serverSelector='null', clusterListeners='[]', serverSelectionTimeout='30000 ms', localThreshold='15 ms'}, socketSettings=SocketSettings{connectTimeoutMS=10000, readTimeoutMS=0, receiveBufferSize=0, proxySettings=ProxySettings{host=null, port=null, username=null, password=null}}, heartbeatSocketSettings=SocketSettings{connectTimeoutMS=10000, readTimeoutMS=10000, receiveBufferSize=0, proxySettings=ProxySettings{host=null, port=null, username=null, password=null}}, connectionPoolSettings=ConnectionPoolSettings{maxSize=100, minSize=0, maxWaitTimeMS=120000, maxConnectionLifeTimeMS=0, maxConnectionIdleTimeMS=0, maintenanceInitialDelayMS=0, maintenanceFrequencyMS=60000, connectionPoolListeners=[], maxConnecting=2}, serverSettings=ServerSettings{heartbeatFrequencyMS=10000, minHeartbeatFrequencyMS=500, serverMonitoringMode=AUTO, serverListeners='[]', serverMonitorListeners='[]'}, sslSettings=SslSettings{enabled=true, invalidHostNameAllowed=false, context=null}, applicationName='null', compressorList=[], uuidRepresentation=JAVA_LEGACY, serverApi=null, autoEncryptionSettings=null, dnsClient=null, inetAddressResolver=null, contextProvider=null, timeoutMS=null}
2026-08-19 19:04:44,758 INFO o.m.d.cluster [cluster-ClusterId{value='6a85b0f46827df6f8ed98d56', description='null'}-srv-vela.tkxsdpk.mongodb.net] Adding discovered server ac-pwzxuxu-shard-00-00.tkxsdpk.mongodb.net:27017 to client view of cluster
2026-08-19 19:04:44,792 INFO o.m.d.cluster [cluster-ClusterId{value='6a85b0f46827df6f8ed98d56', description='null'}-srv-vela.tkxsdpk.mongodb.net] Adding discovered server ac-pwzxuxu-shard-00-01.tkxsdpk.mongodb.net:27017 to client view of cluster
2026-08-19 19:04:44,796 INFO o.m.d.cluster [cluster-ClusterId{value='6a85b0f46827df6f8ed98d56', description='null'}-srv-vela.tkxsdpk.mongodb.net] Adding discovered server ac-pwzxuxu-shard-00-02.tkxsdpk.mongodb.net:27017 to client view of cluster
2026-08-19 19:04:45,120 INFO o.m.d.cluster [main] Waiting for server to become available for operation with ID 5. Remaining time: 29994 ms. Selector: WritableServerSelector, topology description: {type=REPLICA_SET, servers=[{address=ac-pwzxuxu-shard-00-00.tkxsdpk.mongodb.net:27017, type=UNKNOWN, state=CONNECTING}, {address=ac-pwzxuxu-shard-00-01.tkxsdpk.mongodb.net:27017, type=UNKNOWN, state=CONNECTING}, {address=ac-pwzxuxu-shard-00-02.tkxsdpk.mongodb.net:27017, type=UNKNOWN, state=CONNECTING}].
2026-08-19 19:04:45,409 INFO o.m.d.cluster [cluster-ClusterId{value='6a85b0f46827df6f8ed98d56', description='null'}-ac-pwzxuxu-shard-00-00.tkxsdpk.mongodb.net:27017] Monitor thread successfully connected to server with description ServerDescription{address=ac-pwzxuxu-shard-00-00.tkxsdpk.mongodb.net:27017, type=REPLICA_SET_SECONDARY, cryptd=false, state=CONNECTED, ok=true, minWireVersion=0, maxWireVersion=25, maxDocumentSize=16777216, logicalSessionTimeoutMinutes=30, roundTripTimeNanos=378340100, minRoundTripTimeNanos=0, setName='atlas-13gwxg-shard-0', canonicalAddress=ac-pwzxuxu-shard-00-00.tkxsdpk.mongodb.net:27017, hosts=[ac-pwzxuxu-shard-00-02.tkxsdpk.mongodb.net:27017, ac-pwzxuxu-shard-00-00.tkxsdpk.mongodb.net:27017, ac-pwzxuxu-shard-00-01.tkxsdpk.mongodb.net:27017], passives=[], arbiters=[], primary='ac-pwzxuxu-shard-00-01.tkxsdpk.mongodb.net:27017', tagSet=TagSet{[Tag{name='cacheState', value='READY'}, Tag{name='diskState', value='READY'}, Tag{name='nodeType', value='ELECTABLE'}, Tag{name='provider', value='AZURE'}, Tag{name='region', value='INDIA_CENTRAL'}, Tag{name='workloadType', value='OPERATIONAL'}]}, electionId=null, setVersion=415, topologyVersion=TopologyVersion{processId=6a7a303208088ee8ec208729, counter=10}, lastWriteDate=Wed Aug 19 19:04:44 IST 2026, lastUpdateTimeNanos=160460462192800}
2026-08-19 19:04:45,410 INFO o.m.d.cluster [cluster-ClusterId{value='6a85b0f46827df6f8ed98d56', description='null'}-ac-pwzxuxu-shard-00-02.tkxsdpk.mongodb.net:27017] Monitor thread successfully connected to server with description ServerDescription{address=ac-pwzxuxu-shard-00-02.tkxsdpk.mongodb.net:27017, type=REPLICA_SET_SECONDARY, cryptd=false, state=CONNECTED, ok=true, minWireVersion=0, maxWireVersion=25, maxDocumentSize=16777216, logicalSessionTimeoutMinutes=30, roundTripTimeNanos=381305700, minRoundTripTimeNanos=0, setName='atlas-13gwxg-shard-0', canonicalAddress=ac-pwzxuxu-shard-00-02.tkxsdpk.mongodb.net:27017, hosts=[ac-pwzxuxu-shard-00-02.tkxsdpk.mongodb.net:27017, ac-pwzxuxu-shard-00-00.tkxsdpk.mongodb.net:27017, ac-pwzxuxu-shard-00-01.tkxsdpk.mongodb.net:27017], passives=[], arbiters=[], primary='ac-pwzxuxu-shard-00-01.tkxsdpk.mongodb.net:27017', tagSet=TagSet{[Tag{name='cacheState', value='READY'}, Tag{name='diskState', value='READY'}, Tag{name='nodeType', value='ELECTABLE'}, Tag{name='provider', value='AZURE'}, Tag{name='region', value='INDIA_CENTRAL'}, Tag{name='workloadType', value='OPERATIONAL'}]}, electionId=null, setVersion=415, topologyVersion=TopologyVersion{processId=6a7a34d9d31996b1e8776014, counter=5}, lastWriteDate=Wed Aug 19 19:04:44 IST 2026, lastUpdateTimeNanos=160460462149300}
2026-08-19 19:04:45,410 INFO o.m.d.cluster [cluster-ClusterId{value='6a85b0f46827df6f8ed98d56', description='null'}-ac-pwzxuxu-shard-00-01.tkxsdpk.mongodb.net:27017] Monitor thread successfully connected to server with description ServerDescription{address=ac-pwzxuxu-shard-00-01.tkxsdpk.mongodb.net:27017, type=REPLICA_SET_PRIMARY, cryptd=false, state=CONNECTED, ok=true, minWireVersion=0, maxWireVersion=25, maxDocumentSize=16777216, logicalSessionTimeoutMinutes=30, roundTripTimeNanos=381243800, minRoundTripTimeNanos=0, setName='atlas-13gwxg-shard-0', canonicalAddress=ac-pwzxuxu-shard-00-01.tkxsdpk.mongodb.net:27017, hosts=[ac-pwzxuxu-shard-00-02.tkxsdpk.mongodb.net:27017, ac-pwzxuxu-shard-00-00.tkxsdpk.mongodb.net:27017, ac-pwzxuxu-shard-00-01.tkxsdpk.mongodb.net:27017], passives=[], arbiters=[], primary='ac-pwzxuxu-shard-00-01.tkxsdpk.mongodb.net:27017', tagSet=TagSet{[Tag{name='cacheState', value='READY'}, Tag{name='diskState', value='READY'}, Tag{name='nodeType', value='ELECTABLE'}, Tag{name='provider', value='AZURE'}, Tag{name='region', value='INDIA_CENTRAL'}, Tag{name='workloadType', value='OPERATIONAL'}]}, electionId=7fffffff00000000000001cb, setVersion=415, topologyVersion=TopologyVersion{processId=6a7a3259a49ce98341b01ffe, counter=10}, lastWriteDate=Wed Aug 19 19:04:44 IST 2026, lastUpdateTimeNanos=160460462102600}
2026-08-19 19:04:45,417 INFO o.m.d.cluster [cluster-ClusterId{value='6a85b0f46827df6f8ed98d56', description='null'}-ac-pwzxuxu-shard-00-01.tkxsdpk.mongodb.net:27017] Discovered replica set primary ac-pwzxuxu-shard-00-01.tkxsdpk.mongodb.net:27017 with max election id 7fffffff00000000000001cb and max set version 415
2026-08-19 19:04:48,544 INFO o.s.s.c.a.a.c.InitializeUserDetailsBeanManagerConfigurer$InitializeUserDetailsManagerConfigurer [main] Global AuthenticationManager configured with UserDetailsService bean with name userDetailsServiceImpl
2026-08-19 19:04:49,156 INFO o.a.c.h.Http11NioProtocol [main] Starting ProtocolHandler ["http-nio-8080"]
2026-08-19 19:04:49,169 INFO o.s.b.w.e.t.TomcatWebServer [main] Tomcat started on port 8080 (http) with context path '/'
2026-08-19 19:04:49,182 INFO c.v.g.GramStoreApplication [main] Started GramStoreApplication in 7.349 seconds (process running for 8.201)
2026-08-19 19:04:54,766 INFO o.a.c.c.C.[.[.[/] [http-nio-8080-exec-5] Initializing Spring DispatcherServlet 'dispatcherServlet'
2026-08-19 19:04:54,767 INFO o.s.w.s.DispatcherServlet [http-nio-8080-exec-5] Initializing Servlet 'dispatcherServlet'
2026-08-19 19:04:54,772 INFO o.s.w.s.DispatcherServlet [http-nio-8080-exec-5] Completed initialization in 5 ms
2026-08-19 19:06:13,650 INFO o.s.b.w.e.t.GracefulShutdown [SpringApplicationShutdownHook] Commencing graceful shutdown. Waiting for active requests to complete
2026-08-19 19:06:13,671 INFO o.s.b.w.e.t.GracefulShutdown [tomcat-shutdown] Graceful shutdown complete
